{
  "sensor_data": {
    "metadata": {
      "device_id": "UPS-SENSOR-004",
      "location": "Auditorio Central",
      "timestamp": "2025-12-10T12:45:21",
      "latitude": -2.1703,
      "longitude": -79.9227
    },
    "readings": {
      "scd30": {
        "co2": 765.68,
        "temperature": 25.0,
        "humidity": 92.61
      },
      "bme280": {
        "temperature": 25.19,
        "humidity": 93.93,
        "pressure": 1015.36
      },
      "mq135": {
        "analog_value": 53.43,
        "digital_value": 0
      }
    },
    "system_info": {
      "battery_level": 92,
      "sampling_interval": 3600
    }
  }
}