{
  "sensor_data": {
    "metadata": {
      "device_id": "UPS-SENSOR-005",
      "location": "Laboratorio de Ciencias",
      "timestamp": "2025-12-01T16:45:13",
      "latitude": -2.171,
      "longitude": -79.9218
    },
    "readings": {
      "scd30": {
        "co2": 1451.73,
        "temperature": 29.35,
        "humidity": 61.34
      },
      "bme280": {
        "temperature": 29.74,
        "humidity": 62.59,
        "pressure": 1012.08
      },
      "mq135": {
        "analog_value": 278.83,
        "digital_value": 1
      }
    },
    "system_info": {
      "battery_level": 95,
      "sampling_interval": 3600
    }
  }
}