{
  "sensor_data": {
    "metadata": {
      "device_id": "UPS-SENSOR-001",
      "location": "Auditorio Central",
      "timestamp": "2025-12-03T21:00:48",
      "latitude": -2.1703,
      "longitude": -79.9227
    },
    "readings": {
      "scd30": {
        "co2": 831.34,
        "temperature": 32.58,
        "humidity": 61.16
      },
      "bme280": {
        "temperature": 32.36,
        "humidity": 62.39,
        "pressure": 1013.55
      },
      "mq135": {
        "analog_value": 64.23,
        "digital_value": 0
      }
    },
    "system_info": {
      "battery_level": 95,
      "sampling_interval": 3600
    }
  }
}