{
  "sensor_data": {
    "metadata": {
      "device_id": "UPS-SENSOR-003",
      "location": "Campus Centenario - UPS Guayaquil",
      "timestamp": "2025-12-10T15:15:47",
      "latitude": -2.170998,
      "longitude": -79.922356
    },
    "readings": {
      "scd30": {
        "co2": 830.52,
        "temperature": 28.92,
        "humidity": 60.05
      },
      "bme280": {
        "temperature": 28.86,
        "humidity": 60.47,
        "pressure": 1012.53
      },
      "mq135": {
        "analog_value": 141.57,
        "digital_value": 0
      }
    },
    "system_info": {
      "battery_level": 93,
      "sampling_interval": 3600
    }
  }
}