{
  "sensor_data": {
    "metadata": {
      "device_id": "UPS-SENSOR-001",
      "location": "Cafetería Principal",
      "timestamp": "2025-12-10T21:30:52",
      "latitude": -2.1705,
      "longitude": -79.9223
    },
    "readings": {
      "scd30": {
        "co2": 639.19,
        "temperature": 30.14,
        "humidity": 67.05
      },
      "bme280": {
        "temperature": 29.87,
        "humidity": 67.01,
        "pressure": 1010.96
      },
      "mq135": {
        "analog_value": 105.42,
        "digital_value": 0
      }
    },
    "system_info": {
      "battery_level": 86,
      "sampling_interval": 3600
    }
  }
}