{
  "sensor_data": {
    "metadata": {
      "device_id": "UPS-SENSOR-002",
      "location": "Área Deportiva",
      "timestamp": "2025-12-07T10:15:14",
      "latitude": -2.172,
      "longitude": -79.922
    },
    "readings": {
      "scd30": {
        "co2": 345.02,
        "temperature": 21.93,
        "humidity": 90.94
      },
      "bme280": {
        "temperature": 21.96,
        "humidity": 92.0,
        "pressure": 1014.81
      },
      "mq135": {
        "analog_value": 0,
        "digital_value": 0
      }
    },
    "system_info": {
      "battery_level": 96,
      "sampling_interval": 3600
    }
  }
}