{
  "sensor_data": {
    "metadata": {
      "device_id": "UPS-SENSOR-005",
      "location": "Campus Centenario - UPS Guayaquil",
      "timestamp": "2025-12-07T06:00:31",
      "latitude": -2.170998,
      "longitude": -79.922356
    },
    "readings": {
      "scd30": {
        "co2": 375.75,
        "temperature": 25.45,
        "humidity": 77.99
      },
      "bme280": {
        "temperature": 25.69,
        "humidity": 78.79,
        "pressure": 1014.85
      },
      "mq135": {
        "analog_value": 60.6,
        "digital_value": 0
      }
    },
    "system_info": {
      "battery_level": 86,
      "sampling_interval": 3600
    }
  }
}