{
  "sensor_data": {
    "metadata": {
      "device_id": "UPS-SENSOR-001",
      "location": "Laboratorio de Ciencias",
      "timestamp": "2025-12-04T08:30:17",
      "latitude": -2.171,
      "longitude": -79.9218
    },
    "readings": {
      "scd30": {
        "co2": 1008.52,
        "temperature": 22.42,
        "humidity": 95.0
      },
      "bme280": {
        "temperature": 22.69,
        "humidity": 96.32,
        "pressure": 1014.46
      },
      "mq135": {
        "analog_value": 93.14,
        "digital_value": 1
      }
    },
    "system_info": {
      "battery_level": 94,
      "sampling_interval": 3600
    }
  }
}