{
  "sensor_data": {
    "metadata": {
      "device_id": "UPS-SENSOR-002",
      "location": "Estacionamiento Norte",
      "timestamp": "2025-12-07T02:15:08",
      "latitude": -2.1715,
      "longitude": -79.9215
    },
    "readings": {
      "scd30": {
        "co2": 579.96,
        "temperature": 24.74,
        "humidity": 69.21
      },
      "bme280": {
        "temperature": 24.58,
        "humidity": 69.17,
        "pressure": 1011.77
      },
      "mq135": {
        "analog_value": 108.59,
        "digital_value": 0
      }
    },
    "system_info": {
      "battery_level": 86,
      "sampling_interval": 3600
    }
  }
}