{
  "sensor_data": {
    "metadata": {
      "device_id": "UPS-SENSOR-003",
      "location": "Edificio de Ingeniería - Piso 3",
      "timestamp": "2025-12-09T03:00:44",
      "latitude": -2.1712,
      "longitude": -79.9221
    },
    "readings": {
      "scd30": {
        "co2": 1002.33,
        "temperature": 26.02,
        "humidity": 68.79
      },
      "bme280": {
        "temperature": 26.39,
        "humidity": 67.19,
        "pressure": 1014.17
      },
      "mq135": {
        "analog_value": 175.59,
        "digital_value": 1
      }
    },
    "system_info": {
      "battery_level": 94,
      "sampling_interval": 3600
    }
  }
}