{
  "sensor_data": {
    "metadata": {
      "device_id": "UPS-SENSOR-001",
      "location": "Área Deportiva",
      "timestamp": "2025-12-05T21:30:18",
      "latitude": -2.172,
      "longitude": -79.922
    },
    "readings": {
      "scd30": {
        "co2": 1440.02,
        "temperature": 31.2,
        "humidity": 72.2
      },
      "bme280": {
        "temperature": 30.86,
        "humidity": 73.67,
        "pressure": 1012.4
      },
      "mq135": {
        "analog_value": 221.01,
        "digital_value": 1
      }
    },
    "system_info": {
      "battery_level": 89,
      "sampling_interval": 3600
    }
  }
}