{
  "sensor_data": {
    "metadata": {
      "device_id": "UPS-SENSOR-003",
      "location": "Estacionamiento Norte",
      "timestamp": "2025-12-09T11:45:00",
      "latitude": -2.1715,
      "longitude": -79.9215
    },
    "readings": {
      "scd30": {
        "co2": 788.13,
        "temperature": 28.05,
        "humidity": 80.36
      },
      "bme280": {
        "temperature": 27.63,
        "humidity": 82.36,
        "pressure": 1014.31
      },
      "mq135": {
        "analog_value": 148.93,
        "digital_value": 0
      }
    },
    "system_info": {
      "battery_level": 90,
      "sampling_interval": 3600
    }
  }
}