{
  "sensor_data": {
    "metadata": {
      "device_id": "UPS-SENSOR-003",
      "location": "Estacionamiento Norte",
      "timestamp": "2025-12-03T08:30:11",
      "latitude": -2.1715,
      "longitude": -79.9215
    },
    "readings": {
      "scd30": {
        "co2": 848.04,
        "temperature": 20.71,
        "humidity": 94.43
      },
      "bme280": {
        "temperature": 20.73,
        "humidity": 94.74,
        "pressure": 1013.9
      },
      "mq135": {
        "analog_value": 72.86,
        "digital_value": 0
      }
    },
    "system_info": {
      "battery_level": 94,
      "sampling_interval": 3600
    }
  }
}