{
  "sensor_data": {
    "metadata": {
      "device_id": "UPS-SENSOR-001",
      "location": "Estacionamiento Norte",
      "timestamp": "2025-12-03T08:15:35",
      "latitude": -2.1715,
      "longitude": -79.9215
    },
    "readings": {
      "scd30": {
        "co2": 714.32,
        "temperature": 22.13,
        "humidity": 87.43
      },
      "bme280": {
        "temperature": 22.11,
        "humidity": 86.8,
        "pressure": 1015.04
      },
      "mq135": {
        "analog_value": 85.92,
        "digital_value": 0
      }
    },
    "system_info": {
      "battery_level": 96,
      "sampling_interval": 3600
    }
  }
}