{
  "sensor_data": {
    "metadata": {
      "device_id": "UPS-SENSOR-002",
      "location": "Cafetería Principal",
      "timestamp": "2025-12-01T03:45:28",
      "latitude": -2.1705,
      "longitude": -79.9223
    },
    "readings": {
      "scd30": {
        "co2": 785.44,
        "temperature": 25.4,
        "humidity": 55.64
      },
      "bme280": {
        "temperature": 25.17,
        "humidity": 53.77,
        "pressure": 1011.6
      },
      "mq135": {
        "analog_value": 144.88,
        "digital_value": 0
      }
    },
    "system_info": {
      "battery_level": 95,
      "sampling_interval": 3600
    }
  }
}