{
  "sensor_data": {
    "metadata": {
      "device_id": "UPS-SENSOR-004",
      "location": "Campus Centenario - UPS Guayaquil",
      "timestamp": "2025-12-10T08:45:28",
      "latitude": -2.170998,
      "longitude": -79.922356
    },
    "readings": {
      "scd30": {
        "co2": 1076.35,
        "temperature": 27.27,
        "humidity": 69.45
      },
      "bme280": {
        "temperature": 27.5,
        "humidity": 70.34,
        "pressure": 1010.63
      },
      "mq135": {
        "analog_value": 192.64,
        "digital_value": 1
      }
    },
    "system_info": {
      "battery_level": 93,
      "sampling_interval": 3600
    }
  }
}