{
  "sensor_data": {
    "metadata": {
      "device_id": "UPS-SENSOR-005",
      "location": "Campus Centenario - UPS Guayaquil",
      "timestamp": "2025-12-07T09:30:17",
      "latitude": -2.170998,
      "longitude": -79.922356
    },
    "readings": {
      "scd30": {
        "co2": 602.63,
        "temperature": 26.66,
        "humidity": 84.1
      },
      "bme280": {
        "temperature": 26.18,
        "humidity": 85.78,
        "pressure": 1013.01
      },
      "mq135": {
        "analog_value": 106.9,
        "digital_value": 0
      }
    },
    "system_info": {
      "battery_level": 95,
      "sampling_interval": 3600
    }
  }
}