{
  "sensor_data": {
    "metadata": {
      "device_id": "UPS-SENSOR-005",
      "location": "Área Deportiva",
      "timestamp": "2025-12-05T02:15:18",
      "latitude": -2.172,
      "longitude": -79.922
    },
    "readings": {
      "scd30": {
        "co2": 705.24,
        "temperature": 25.53,
        "humidity": 68.61
      },
      "bme280": {
        "temperature": 25.58,
        "humidity": 68.55,
        "pressure": 1012.99
      },
      "mq135": {
        "analog_value": 163.16,
        "digital_value": 0
      }
    },
    "system_info": {
      "battery_level": 88,
      "sampling_interval": 3600
    }
  }
}