{
  "sensor_data": {
    "metadata": {
      "device_id": "UPS-SENSOR-004",
      "location": "Edificio de Ingeniería - Piso 3",
      "timestamp": "2025-12-09T23:15:52",
      "latitude": -2.1712,
      "longitude": -79.9221
    },
    "readings": {
      "scd30": {
        "co2": 601.52,
        "temperature": 30.5,
        "humidity": 73.06
      },
      "bme280": {
        "temperature": 30.45,
        "humidity": 73.71,
        "pressure": 1013.7
      },
      "mq135": {
        "analog_value": 136.02,
        "digital_value": 0
      }
    },
    "system_info": {
      "battery_level": 90,
      "sampling_interval": 3600
    }
  }
}