{
  "sensor_data": {
    "metadata": {
      "device_id": "UPS-SENSOR-005",
      "location": "Estacionamiento Norte",
      "timestamp": "2025-12-10T11:00:04",
      "latitude": -2.1715,
      "longitude": -79.9215
    },
    "readings": {
      "scd30": {
        "co2": 1692.39,
        "temperature": 30.73,
        "humidity": 88.13
      },
      "bme280": {
        "temperature": 30.73,
        "humidity": 89.1,
        "pressure": 1011.78
      },
      "mq135": {
        "analog_value": 373.21,
        "digital_value": 1
      }
    },
    "system_info": {
      "battery_level": 94,
      "sampling_interval": 3600
    }
  }
}