{
  "sensor_data": {
    "metadata": {
      "device_id": "UPS-SENSOR-003",
      "location": "Edificio de Ingeniería - Piso 3",
      "timestamp": "2025-12-09T11:45:08",
      "latitude": -2.1712,
      "longitude": -79.9221
    },
    "readings": {
      "scd30": {
        "co2": 616.15,
        "temperature": 27.32,
        "humidity": 71.93
      },
      "bme280": {
        "temperature": 27.2,
        "humidity": 73.93,
        "pressure": 1012.3
      },
      "mq135": {
        "analog_value": 123.16,
        "digital_value": 0
      }
    },
    "system_info": {
      "battery_level": 92,
      "sampling_interval": 3600
    }
  }
}