{
  "sensor_data": {
    "metadata": {
      "device_id": "UPS-SENSOR-004",
      "location": "Edificio de Ingeniería - Piso 3",
      "timestamp": "2025-12-04T18:00:39",
      "latitude": -2.1712,
      "longitude": -79.9221
    },
    "readings": {
      "scd30": {
        "co2": 1107.45,
        "temperature": 34.62,
        "humidity": 61.95
      },
      "bme280": {
        "temperature": 34.68,
        "humidity": 62.94,
        "pressure": 1014.99
      },
      "mq135": {
        "analog_value": 104.03,
        "digital_value": 1
      }
    },
    "system_info": {
      "battery_level": 97,
      "sampling_interval": 3600
    }
  }
}