{
  "sensor_data": {
    "metadata": {
      "device_id": "UPS-SENSOR-002",
      "location": "Auditorio Central",
      "timestamp": "2025-12-03T07:15:44",
      "latitude": -2.1703,
      "longitude": -79.9227
    },
    "readings": {
      "scd30": {
        "co2": 1171.38,
        "temperature": 28.2,
        "humidity": 80.08
      },
      "bme280": {
        "temperature": 27.7,
        "humidity": 81.2,
        "pressure": 1011.29
      },
      "mq135": {
        "analog_value": 232.33,
        "digital_value": 1
      }
    },
    "system_info": {
      "battery_level": 95,
      "sampling_interval": 3600
    }
  }
}