{
  "sensor_data": {
    "metadata": {
      "device_id": "UPS-SENSOR-001",
      "location": "Biblioteca Central",
      "timestamp": "2025-12-08T14:45:20",
      "latitude": -2.1708,
      "longitude": -79.9225
    },
    "readings": {
      "scd30": {
        "co2": 994.19,
        "temperature": 28.72,
        "humidity": 85.62
      },
      "bme280": {
        "temperature": 28.84,
        "humidity": 84.6,
        "pressure": 1015.2
      },
      "mq135": {
        "analog_value": 90.94,
        "digital_value": 0
      }
    },
    "system_info": {
      "battery_level": 100,
      "sampling_interval": 3600
    }
  }
}