{
  "sensor_data": {
    "metadata": {
      "device_id": "UPS-SENSOR-002",
      "location": "Edificio de Ingeniería - Piso 3",
      "timestamp": "2025-12-01T18:30:47",
      "latitude": -2.1712,
      "longitude": -79.9221
    },
    "readings": {
      "scd30": {
        "co2": 825.07,
        "temperature": 29.82,
        "humidity": 62.76
      },
      "bme280": {
        "temperature": 29.59,
        "humidity": 63.71,
        "pressure": 1013.32
      },
      "mq135": {
        "analog_value": 194.03,
        "digital_value": 0
      }
    },
    "system_info": {
      "battery_level": 95,
      "sampling_interval": 3600
    }
  }
}