{
  "sensor_data": {
    "metadata": {
      "device_id": "UPS-SENSOR-005",
      "location": "Auditorio Central",
      "timestamp": "2025-12-01T05:30:45",
      "latitude": -2.1703,
      "longitude": -79.9227
    },
    "readings": {
      "scd30": {
        "co2": 1118.44,
        "temperature": 27.04,
        "humidity": 65.44
      },
      "bme280": {
        "temperature": 26.78,
        "humidity": 67.34,
        "pressure": 1013.24
      },
      "mq135": {
        "analog_value": 185.24,
        "digital_value": 1
      }
    },
    "system_info": {
      "battery_level": 91,
      "sampling_interval": 3600
    }
  }
}