{
  "sensor_data": {
    "metadata": {
      "device_id": "UPS-SENSOR-001",
      "location": "Área Deportiva",
      "timestamp": "2025-12-06T17:30:48",
      "latitude": -2.172,
      "longitude": -79.922
    },
    "readings": {
      "scd30": {
        "co2": 465.54,
        "temperature": 28.45,
        "humidity": 71.11
      },
      "bme280": {
        "temperature": 28.48,
        "humidity": 70.48,
        "pressure": 1011.69
      },
      "mq135": {
        "analog_value": 72.33,
        "digital_value": 0
      }
    },
    "system_info": {
      "battery_level": 87,
      "sampling_interval": 3600
    }
  }
}