{
  "sensor_data": {
    "metadata": {
      "device_id": "UPS-SENSOR-001",
      "location": "Auditorio Central",
      "timestamp": "2025-12-08T00:15:52",
      "latitude": -2.1703,
      "longitude": -79.9227
    },
    "readings": {
      "scd30": {
        "co2": 1051.99,
        "temperature": 25.78,
        "humidity": 64.55
      },
      "bme280": {
        "temperature": 26.2,
        "humidity": 65.47,
        "pressure": 1011.0
      },
      "mq135": {
        "analog_value": 187.61,
        "digital_value": 1
      }
    },
    "system_info": {
      "battery_level": 88,
      "sampling_interval": 3600
    }
  }
}