{
  "sensor_data": {
    "metadata": {
      "device_id": "UPS-SENSOR-001",
      "location": "Campus Centenario - UPS Guayaquil",
      "timestamp": "2025-12-08T06:30:18",
      "latitude": -2.170998,
      "longitude": -79.922356
    },
    "readings": {
      "scd30": {
        "co2": 893.33,
        "temperature": 26.82,
        "humidity": 77.0
      },
      "bme280": {
        "temperature": 27.09,
        "humidity": 75.92,
        "pressure": 1014.05
      },
      "mq135": {
        "analog_value": 142.27,
        "digital_value": 0
      }
    },
    "system_info": {
      "battery_level": 90,
      "sampling_interval": 3600
    }
  }
}