{
  "sensor_data": {
    "metadata": {
      "device_id": "UPS-SENSOR-004",
      "location": "Cafetería Principal",
      "timestamp": "2025-12-02T04:00:46",
      "latitude": -2.1705,
      "longitude": -79.9223
    },
    "readings": {
      "scd30": {
        "co2": 349.43,
        "temperature": 24.93,
        "humidity": 59.5
      },
      "bme280": {
        "temperature": 25.26,
        "humidity": 60.84,
        "pressure": 1012.69
      },
      "mq135": {
        "analog_value": 76.74,
        "digital_value": 0
      }
    },
    "system_info": {
      "battery_level": 95,
      "sampling_interval": 3600
    }
  }
}