{
  "sensor_data": {
    "metadata": {
      "device_id": "UPS-SENSOR-003",
      "location": "Área Deportiva",
      "timestamp": "2025-12-03T17:30:10",
      "latitude": -2.172,
      "longitude": -79.922
    },
    "readings": {
      "scd30": {
        "co2": 645.84,
        "temperature": 30.04,
        "humidity": 66.68
      },
      "bme280": {
        "temperature": 30.07,
        "humidity": 65.61,
        "pressure": 1013.47
      },
      "mq135": {
        "analog_value": 34.23,
        "digital_value": 0
      }
    },
    "system_info": {
      "battery_level": 97,
      "sampling_interval": 3600
    }
  }
}