{
  "sensor_data": {
    "metadata": {
      "device_id": "UPS-SENSOR-002",
      "location": "Edificio de Ingeniería - Piso 3",
      "timestamp": "2025-12-09T03:45:18",
      "latitude": -2.1712,
      "longitude": -79.9221
    },
    "readings": {
      "scd30": {
        "co2": 679.57,
        "temperature": 25.27,
        "humidity": 73.83
      },
      "bme280": {
        "temperature": 25.29,
        "humidity": 73.37,
        "pressure": 1014.63
      },
      "mq135": {
        "analog_value": 162.47,
        "digital_value": 0
      }
    },
    "system_info": {
      "battery_level": 86,
      "sampling_interval": 3600
    }
  }
}