{
  "sensor_data": {
    "metadata": {
      "device_id": "UPS-SENSOR-003",
      "location": "Campus Centenario - UPS Guayaquil",
      "timestamp": "2025-12-10T20:00:39",
      "latitude": -2.170998,
      "longitude": -79.922356
    },
    "readings": {
      "scd30": {
        "co2": 1261.74,
        "temperature": 31.64,
        "humidity": 65.86
      },
      "bme280": {
        "temperature": 32.07,
        "humidity": 66.7,
        "pressure": 1010.44
      },
      "mq135": {
        "analog_value": 222.83,
        "digital_value": 1
      }
    },
    "system_info": {
      "battery_level": 85,
      "sampling_interval": 3600
    }
  }
}