{
  "sensor_data": {
    "metadata": {
      "device_id": "UPS-SENSOR-003",
      "location": "Área Deportiva",
      "timestamp": "2025-12-10T15:30:46",
      "latitude": -2.172,
      "longitude": -79.922
    },
    "readings": {
      "scd30": {
        "co2": 714.25,
        "temperature": 26.82,
        "humidity": 81.1
      },
      "bme280": {
        "temperature": 26.71,
        "humidity": 81.26,
        "pressure": 1013.78
      },
      "mq135": {
        "analog_value": 82.22,
        "digital_value": 0
      }
    },
    "system_info": {
      "battery_level": 94,
      "sampling_interval": 3600
    }
  }
}