{
  "sensor_data": {
    "metadata": {
      "device_id": "UPS-SENSOR-001",
      "location": "Laboratorio de Ciencias",
      "timestamp": "2025-12-01T19:30:45",
      "latitude": -2.171,
      "longitude": -79.9218
    },
    "readings": {
      "scd30": {
        "co2": 1170.4,
        "temperature": 30.14,
        "humidity": 68.47
      },
      "bme280": {
        "temperature": 29.96,
        "humidity": 70.16,
        "pressure": 1010.19
      },
      "mq135": {
        "analog_value": 290.22,
        "digital_value": 1
      }
    },
    "system_info": {
      "battery_level": 95,
      "sampling_interval": 3600
    }
  }
}