{
  "sensor_data": {
    "metadata": {
      "device_id": "UPS-SENSOR-005",
      "location": "Laboratorio de Ciencias",
      "timestamp": "2025-12-04T14:30:35",
      "latitude": -2.171,
      "longitude": -79.9218
    },
    "readings": {
      "scd30": {
        "co2": 713.67,
        "temperature": 28.39,
        "humidity": 59.56
      },
      "bme280": {
        "temperature": 28.7,
        "humidity": 59.75,
        "pressure": 1010.02
      },
      "mq135": {
        "analog_value": 123.05,
        "digital_value": 0
      }
    },
    "system_info": {
      "battery_level": 93,
      "sampling_interval": 3600
    }
  }
}