{
  "sensor_data": {
    "metadata": {
      "device_id": "UPS-SENSOR-001",
      "location": "Estacionamiento Norte",
      "timestamp": "2025-12-08T10:00:49",
      "latitude": -2.1715,
      "longitude": -79.9215
    },
    "readings": {
      "scd30": {
        "co2": 1348.01,
        "temperature": 28.04,
        "humidity": 69.68
      },
      "bme280": {
        "temperature": 27.97,
        "humidity": 68.52,
        "pressure": 1012.82
      },
      "mq135": {
        "analog_value": 293.21,
        "digital_value": 1
      }
    },
    "system_info": {
      "battery_level": 90,
      "sampling_interval": 3600
    }
  }
}