{
  "sensor_data": {
    "metadata": {
      "device_id": "UPS-SENSOR-005",
      "location": "Cafetería Principal",
      "timestamp": "2025-12-01T06:45:14",
      "latitude": -2.1705,
      "longitude": -79.9223
    },
    "readings": {
      "scd30": {
        "co2": 691.99,
        "temperature": 26.37,
        "humidity": 79.91
      },
      "bme280": {
        "temperature": 25.9,
        "humidity": 81.75,
        "pressure": 1013.23
      },
      "mq135": {
        "analog_value": 150.83,
        "digital_value": 0
      }
    },
    "system_info": {
      "battery_level": 95,
      "sampling_interval": 3600
    }
  }
}