{
  "sensor_data": {
    "metadata": {
      "device_id": "UPS-SENSOR-003",
      "location": "Laboratorio de Ciencias",
      "timestamp": "2025-12-02T02:45:28",
      "latitude": -2.171,
      "longitude": -79.9218
    },
    "readings": {
      "scd30": {
        "co2": 1107.48,
        "temperature": 25.6,
        "humidity": 61.26
      },
      "bme280": {
        "temperature": 25.47,
        "humidity": 60.29,
        "pressure": 1014.95
      },
      "mq135": {
        "analog_value": 241.94,
        "digital_value": 1
      }
    },
    "system_info": {
      "battery_level": 95,
      "sampling_interval": 3600
    }
  }
}