{
  "sensor_data": {
    "metadata": {
      "device_id": "UPS-SENSOR-004",
      "location": "Biblioteca Central",
      "timestamp": "2025-12-09T07:00:56",
      "latitude": -2.1708,
      "longitude": -79.9225
    },
    "readings": {
      "scd30": {
        "co2": 483.67,
        "temperature": 25.93,
        "humidity": 79.79
      },
      "bme280": {
        "temperature": 26.41,
        "humidity": 79.86,
        "pressure": 1011.42
      },
      "mq135": {
        "analog_value": 87.29,
        "digital_value": 0
      }
    },
    "system_info": {
      "battery_level": 88,
      "sampling_interval": 3600
    }
  }
}