{
  "sensor_data": {
    "metadata": {
      "device_id": "UPS-SENSOR-001",
      "location": "Laboratorio de Ciencias",
      "timestamp": "2025-12-09T12:15:23",
      "latitude": -2.171,
      "longitude": -79.9218
    },
    "readings": {
      "scd30": {
        "co2": 1210.22,
        "temperature": 25.75,
        "humidity": 95.0
      },
      "bme280": {
        "temperature": 25.55,
        "humidity": 96.42,
        "pressure": 1015.44
      },
      "mq135": {
        "analog_value": 120.01,
        "digital_value": 1
      }
    },
    "system_info": {
      "battery_level": 93,
      "sampling_interval": 3600
    }
  }
}