{
  "sensor_data": {
    "metadata": {
      "device_id": "UPS-SENSOR-005",
      "location": "Área Deportiva",
      "timestamp": "2025-12-02T10:30:24",
      "latitude": -2.172,
      "longitude": -79.922
    },
    "readings": {
      "scd30": {
        "co2": 2224.32,
        "temperature": 29.74,
        "humidity": 70.41
      },
      "bme280": {
        "temperature": 29.47,
        "humidity": 69.11,
        "pressure": 1011.47
      },
      "mq135": {
        "analog_value": 425.43,
        "digital_value": 1
      }
    },
    "system_info": {
      "battery_level": 90,
      "sampling_interval": 3600
    }
  }
}