{
  "sensor_data": {
    "metadata": {
      "device_id": "UPS-SENSOR-001",
      "location": "Cafetería Principal",
      "timestamp": "2025-12-08T08:15:41",
      "latitude": -2.1705,
      "longitude": -79.9223
    },
    "readings": {
      "scd30": {
        "co2": 829.46,
        "temperature": 26.75,
        "humidity": 77.85
      },
      "bme280": {
        "temperature": 26.51,
        "humidity": 76.11,
        "pressure": 1013.35
      },
      "mq135": {
        "analog_value": 152.45,
        "digital_value": 0
      }
    },
    "system_info": {
      "battery_level": 91,
      "sampling_interval": 3600
    }
  }
}