{
  "sensor_data": {
    "metadata": {
      "device_id": "UPS-SENSOR-004",
      "location": "Estacionamiento Norte",
      "timestamp": "2025-12-04T13:45:01",
      "latitude": -2.1715,
      "longitude": -79.9215
    },
    "readings": {
      "scd30": {
        "co2": 1252.93,
        "temperature": 24.57,
        "humidity": 87.91
      },
      "bme280": {
        "temperature": 24.4,
        "humidity": 88.4,
        "pressure": 1015.0
      },
      "mq135": {
        "analog_value": 134.25,
        "digital_value": 1
      }
    },
    "system_info": {
      "battery_level": 96,
      "sampling_interval": 3600
    }
  }
}