{
  "sensor_data": {
    "metadata": {
      "device_id": "UPS-SENSOR-003",
      "location": "Laboratorio de Ciencias",
      "timestamp": "2025-12-02T18:15:05",
      "latitude": -2.171,
      "longitude": -79.9218
    },
    "readings": {
      "scd30": {
        "co2": 1417.77,
        "temperature": 33.13,
        "humidity": 71.7
      },
      "bme280": {
        "temperature": 33.41,
        "humidity": 71.32,
        "pressure": 1012.56
      },
      "mq135": {
        "analog_value": 157.47,
        "digital_value": 1
      }
    },
    "system_info": {
      "battery_level": 96,
      "sampling_interval": 3600
    }
  }
}