{
  "sensor_data": {
    "metadata": {
      "device_id": "UPS-SENSOR-003",
      "location": "Auditorio Central",
      "timestamp": "2025-12-06T04:00:47",
      "latitude": -2.1703,
      "longitude": -79.9227
    },
    "readings": {
      "scd30": {
        "co2": 304.89,
        "temperature": 24.84,
        "humidity": 67.62
      },
      "bme280": {
        "temperature": 24.5,
        "humidity": 66.49,
        "pressure": 1013.28
      },
      "mq135": {
        "analog_value": 48.02,
        "digital_value": 0
      }
    },
    "system_info": {
      "battery_level": 91,
      "sampling_interval": 3600
    }
  }
}