{
  "sensor_data": {
    "metadata": {
      "device_id": "UPS-SENSOR-001",
      "location": "Auditorio Central",
      "timestamp": "2025-12-06T23:30:28",
      "latitude": -2.1703,
      "longitude": -79.9227
    },
    "readings": {
      "scd30": {
        "co2": 623.19,
        "temperature": 30.34,
        "humidity": 73.68
      },
      "bme280": {
        "temperature": 30.5,
        "humidity": 72.59,
        "pressure": 1014.69
      },
      "mq135": {
        "analog_value": 127.49,
        "digital_value": 0
      }
    },
    "system_info": {
      "battery_level": 88,
      "sampling_interval": 3600
    }
  }
}