{
  "sensor_data": {
    "metadata": {
      "device_id": "UPS-SENSOR-005",
      "location": "Auditorio Central",
      "timestamp": "2025-12-05T05:00:29",
      "latitude": -2.1703,
      "longitude": -79.9227
    },
    "readings": {
      "scd30": {
        "co2": 1027.51,
        "temperature": 27.28,
        "humidity": 69.26
      },
      "bme280": {
        "temperature": 27.34,
        "humidity": 70.99,
        "pressure": 1012.22
      },
      "mq135": {
        "analog_value": 154.64,
        "digital_value": 1
      }
    },
    "system_info": {
      "battery_level": 92,
      "sampling_interval": 3600
    }
  }
}