{
  "sensor_data": {
    "metadata": {
      "device_id": "UPS-SENSOR-004",
      "location": "Cafetería Principal",
      "timestamp": "2025-12-07T11:00:50",
      "latitude": -2.1705,
      "longitude": -79.9223
    },
    "readings": {
      "scd30": {
        "co2": 384.73,
        "temperature": 26.72,
        "humidity": 81.12
      },
      "bme280": {
        "temperature": 27.11,
        "humidity": 82.23,
        "pressure": 1011.76
      },
      "mq135": {
        "analog_value": 80.95,
        "digital_value": 0
      }
    },
    "system_info": {
      "battery_level": 93,
      "sampling_interval": 3600
    }
  }
}