{
  "sensor_data": {
    "metadata": {
      "device_id": "UPS-SENSOR-003",
      "location": "Campus Centenario - UPS Guayaquil",
      "timestamp": "2025-12-01T12:00:32",
      "latitude": -2.170998,
      "longitude": -79.922356
    },
    "readings": {
      "scd30": {
        "co2": 1631.99,
        "temperature": 30.09,
        "humidity": 66.67
      },
      "bme280": {
        "temperature": 30.18,
        "humidity": 64.9,
        "pressure": 1010.46
      },
      "mq135": {
        "analog_value": 254.03,
        "digital_value": 1
      }
    },
    "system_info": {
      "battery_level": 91,
      "sampling_interval": 3600
    }
  }
}