{
  "sensor_data": {
    "metadata": {
      "device_id": "UPS-SENSOR-001",
      "location": "Estacionamiento Norte",
      "timestamp": "2025-12-02T02:30:19",
      "latitude": -2.1715,
      "longitude": -79.9215
    },
    "readings": {
      "scd30": {
        "co2": 839.59,
        "temperature": 25.59,
        "humidity": 65.98
      },
      "bme280": {
        "temperature": 25.88,
        "humidity": 66.48,
        "pressure": 1011.34
      },
      "mq135": {
        "analog_value": 189.48,
        "digital_value": 0
      }
    },
    "system_info": {
      "battery_level": 93,
      "sampling_interval": 3600
    }
  }
}