{
  "sensor_data": {
    "metadata": {
      "device_id": "UPS-SENSOR-003",
      "location": "Laboratorio de Ciencias",
      "timestamp": "2025-12-01T18:15:02",
      "latitude": -2.171,
      "longitude": -79.9218
    },
    "readings": {
      "scd30": {
        "co2": 1772.22,
        "temperature": 34.97,
        "humidity": 71.78
      },
      "bme280": {
        "temperature": 34.8,
        "humidity": 72.48,
        "pressure": 1012.91
      },
      "mq135": {
        "analog_value": 207.58,
        "digital_value": 1
      }
    },
    "system_info": {
      "battery_level": 96,
      "sampling_interval": 3600
    }
  }
}