{
  "sensor_data": {
    "metadata": {
      "device_id": "UPS-SENSOR-004",
      "location": "Área Deportiva",
      "timestamp": "2025-12-01T07:30:33",
      "latitude": -2.172,
      "longitude": -79.922
    },
    "readings": {
      "scd30": {
        "co2": 574.95,
        "temperature": 26.17,
        "humidity": 71.6
      },
      "bme280": {
        "temperature": 26.01,
        "humidity": 72.57,
        "pressure": 1010.89
      },
      "mq135": {
        "analog_value": 111.42,
        "digital_value": 0
      }
    },
    "system_info": {
      "battery_level": 93,
      "sampling_interval": 3600
    }
  }
}