{
  "sensor_data": {
    "metadata": {
      "device_id": "UPS-SENSOR-001",
      "location": "Campus Centenario - UPS Guayaquil",
      "timestamp": "2025-12-06T14:45:25",
      "latitude": -2.170998,
      "longitude": -79.922356
    },
    "readings": {
      "scd30": {
        "co2": 459.92,
        "temperature": 24.28,
        "humidity": 85.54
      },
      "bme280": {
        "temperature": 24.42,
        "humidity": 85.66,
        "pressure": 1014.95
      },
      "mq135": {
        "analog_value": 25.54,
        "digital_value": 0
      }
    },
    "system_info": {
      "battery_level": 97,
      "sampling_interval": 3600
    }
  }
}