{
  "sensor_data": {
    "metadata": {
      "device_id": "UPS-SENSOR-004",
      "location": "Cafetería Principal",
      "timestamp": "2025-12-09T11:45:03",
      "latitude": -2.1705,
      "longitude": -79.9223
    },
    "readings": {
      "scd30": {
        "co2": 1755.93,
        "temperature": 25.4,
        "humidity": 95.0
      },
      "bme280": {
        "temperature": 25.65,
        "humidity": 94.4,
        "pressure": 1014.69
      },
      "mq135": {
        "analog_value": 204.77,
        "digital_value": 1
      }
    },
    "system_info": {
      "battery_level": 93,
      "sampling_interval": 3600
    }
  }
}