{
  "sensor_data": {
    "metadata": {
      "device_id": "UPS-SENSOR-004",
      "location": "Campus Centenario - UPS Guayaquil",
      "timestamp": "2025-12-06T02:00:42",
      "latitude": -2.170998,
      "longitude": -79.922356
    },
    "readings": {
      "scd30": {
        "co2": 386.09,
        "temperature": 24.46,
        "humidity": 68.14
      },
      "bme280": {
        "temperature": 24.88,
        "humidity": 66.73,
        "pressure": 1012.53
      },
      "mq135": {
        "analog_value": 59.08,
        "digital_value": 0
      }
    },
    "system_info": {
      "battery_level": 94,
      "sampling_interval": 3600
    }
  }
}