{
  "sensor_data": {
    "metadata": {
      "device_id": "UPS-SENSOR-001",
      "location": "Área Deportiva",
      "timestamp": "2025-12-02T07:15:38",
      "latitude": -2.172,
      "longitude": -79.922
    },
    "readings": {
      "scd30": {
        "co2": 551.48,
        "temperature": 19.08,
        "humidity": 94.23
      },
      "bme280": {
        "temperature": 18.96,
        "humidity": 93.25,
        "pressure": 1014.85
      },
      "mq135": {
        "analog_value": 39.22,
        "digital_value": 0
      }
    },
    "system_info": {
      "battery_level": 94,
      "sampling_interval": 3600
    }
  }
}