{
  "sensor_data": {
    "metadata": {
      "device_id": "UPS-SENSOR-004",
      "location": "Área Deportiva",
      "timestamp": "2025-12-05T09:00:01",
      "latitude": -2.172,
      "longitude": -79.922
    },
    "readings": {
      "scd30": {
        "co2": 483.05,
        "temperature": 21.02,
        "humidity": 95.0
      },
      "bme280": {
        "temperature": 20.79,
        "humidity": 94.0,
        "pressure": 1014.81
      },
      "mq135": {
        "analog_value": 9.9,
        "digital_value": 0
      }
    },
    "system_info": {
      "battery_level": 97,
      "sampling_interval": 3600
    }
  }
}