{
  "sensor_data": {
    "metadata": {
      "device_id": "UPS-SENSOR-002",
      "location": "Edificio de Ingeniería - Piso 3",
      "timestamp": "2025-12-03T17:00:40",
      "latitude": -2.1712,
      "longitude": -79.9221
    },
    "readings": {
      "scd30": {
        "co2": 802.32,
        "temperature": 28.83,
        "humidity": 58.17
      },
      "bme280": {
        "temperature": 29.23,
        "humidity": 60.09,
        "pressure": 1012.02
      },
      "mq135": {
        "analog_value": 155.47,
        "digital_value": 0
      }
    },
    "system_info": {
      "battery_level": 93,
      "sampling_interval": 3600
    }
  }
}