{
  "sensor_data": {
    "metadata": {
      "device_id": "UPS-SENSOR-001",
      "location": "Auditorio Central",
      "timestamp": "2025-12-05T06:00:59",
      "latitude": -2.1703,
      "longitude": -79.9227
    },
    "readings": {
      "scd30": {
        "co2": 798.08,
        "temperature": 22.4,
        "humidity": 85.07
      },
      "bme280": {
        "temperature": 22.36,
        "humidity": 84.59,
        "pressure": 1014.54
      },
      "mq135": {
        "analog_value": 61.19,
        "digital_value": 0
      }
    },
    "system_info": {
      "battery_level": 100,
      "sampling_interval": 3600
    }
  }
}