{
  "sensor_data": {
    "metadata": {
      "device_id": "UPS-SENSOR-003",
      "location": "Biblioteca Central",
      "timestamp": "2025-12-01T14:30:52",
      "latitude": -2.1708,
      "longitude": -79.9225
    },
    "readings": {
      "scd30": {
        "co2": 1812.19,
        "temperature": 31.84,
        "humidity": 82.99
      },
      "bme280": {
        "temperature": 32.08,
        "humidity": 83.55,
        "pressure": 1013.56
      },
      "mq135": {
        "analog_value": 211.66,
        "digital_value": 1
      }
    },
    "system_info": {
      "battery_level": 99,
      "sampling_interval": 3600
    }
  }
}