{
  "sensor_data": {
    "metadata": {
      "device_id": "UPS-SENSOR-005",
      "location": "Edificio de Ingeniería - Piso 3",
      "timestamp": "2025-12-03T00:30:02",
      "latitude": -2.1712,
      "longitude": -79.9221
    },
    "readings": {
      "scd30": {
        "co2": 735.6,
        "temperature": 24.93,
        "humidity": 65.57
      },
      "bme280": {
        "temperature": 25.1,
        "humidity": 65.36,
        "pressure": 1011.66
      },
      "mq135": {
        "analog_value": 151.59,
        "digital_value": 0
      }
    },
    "system_info": {
      "battery_level": 91,
      "sampling_interval": 3600
    }
  }
}