{
  "sensor_data": {
    "metadata": {
      "device_id": "UPS-SENSOR-003",
      "location": "Campus Centenario - UPS Guayaquil",
      "timestamp": "2025-12-08T23:15:01",
      "latitude": -2.170998,
      "longitude": -79.922356
    },
    "readings": {
      "scd30": {
        "co2": 1431.83,
        "temperature": 31.37,
        "humidity": 67.47
      },
      "bme280": {
        "temperature": 31.1,
        "humidity": 66.03,
        "pressure": 1010.88
      },
      "mq135": {
        "analog_value": 329.71,
        "digital_value": 1
      }
    },
    "system_info": {
      "battery_level": 91,
      "sampling_interval": 3600
    }
  }
}