{
  "sensor_data": {
    "metadata": {
      "device_id": "UPS-SENSOR-003",
      "location": "Biblioteca Central",
      "timestamp": "2025-12-02T03:45:30",
      "latitude": -2.1708,
      "longitude": -79.9225
    },
    "readings": {
      "scd30": {
        "co2": 529.91,
        "temperature": 25.0,
        "humidity": 67.63
      },
      "bme280": {
        "temperature": 24.72,
        "humidity": 68.52,
        "pressure": 1014.85
      },
      "mq135": {
        "analog_value": 83.62,
        "digital_value": 0
      }
    },
    "system_info": {
      "battery_level": 90,
      "sampling_interval": 3600
    }
  }
}