{
  "sensor_data": {
    "metadata": {
      "device_id": "UPS-SENSOR-001",
      "location": "Auditorio Central",
      "timestamp": "2025-12-04T10:00:38",
      "latitude": -2.1703,
      "longitude": -79.9227
    },
    "readings": {
      "scd30": {
        "co2": 1186.59,
        "temperature": 29.05,
        "humidity": 76.02
      },
      "bme280": {
        "temperature": 29.09,
        "humidity": 76.22,
        "pressure": 1013.01
      },
      "mq135": {
        "analog_value": 272.42,
        "digital_value": 1
      }
    },
    "system_info": {
      "battery_level": 89,
      "sampling_interval": 3600
    }
  }
}