{
  "sensor_data": {
    "metadata": {
      "device_id": "UPS-SENSOR-005",
      "location": "Auditorio Central",
      "timestamp": "2025-12-10T12:30:26",
      "latitude": -2.1703,
      "longitude": -79.9227
    },
    "readings": {
      "scd30": {
        "co2": 587.82,
        "temperature": 27.42,
        "humidity": 72.77
      },
      "bme280": {
        "temperature": 27.83,
        "humidity": 71.79,
        "pressure": 1010.53
      },
      "mq135": {
        "analog_value": 107.96,
        "digital_value": 0
      }
    },
    "system_info": {
      "battery_level": 88,
      "sampling_interval": 3600
    }
  }
}