{
  "sensor_data": {
    "metadata": {
      "device_id": "UPS-SENSOR-002",
      "location": "Biblioteca Central",
      "timestamp": "2025-12-01T18:00:43",
      "latitude": -2.1708,
      "longitude": -79.9225
    },
    "readings": {
      "scd30": {
        "co2": 823.63,
        "temperature": 29.31,
        "humidity": 58.05
      },
      "bme280": {
        "temperature": 29.36,
        "humidity": 58.65,
        "pressure": 1012.14
      },
      "mq135": {
        "analog_value": 192.66,
        "digital_value": 0
      }
    },
    "system_info": {
      "battery_level": 95,
      "sampling_interval": 3600
    }
  }
}