{
  "sensor_data": {
    "metadata": {
      "device_id": "UPS-SENSOR-002",
      "location": "Auditorio Central",
      "timestamp": "2025-12-08T11:30:22",
      "latitude": -2.1703,
      "longitude": -79.9227
    },
    "readings": {
      "scd30": {
        "co2": 576.82,
        "temperature": 27.18,
        "humidity": 65.5
      },
      "bme280": {
        "temperature": 27.29,
        "humidity": 64.48,
        "pressure": 1014.57
      },
      "mq135": {
        "analog_value": 105.99,
        "digital_value": 0
      }
    },
    "system_info": {
      "battery_level": 93,
      "sampling_interval": 3600
    }
  }
}