{
  "sensor_data": {
    "metadata": {
      "device_id": "UPS-SENSOR-005",
      "location": "Biblioteca Central",
      "timestamp": "2025-12-10T22:15:36",
      "latitude": -2.1708,
      "longitude": -79.9225
    },
    "readings": {
      "scd30": {
        "co2": 1280.92,
        "temperature": 32.22,
        "humidity": 56.34
      },
      "bme280": {
        "temperature": 31.79,
        "humidity": 56.44,
        "pressure": 1014.56
      },
      "mq135": {
        "analog_value": 280.47,
        "digital_value": 1
      }
    },
    "system_info": {
      "battery_level": 93,
      "sampling_interval": 3600
    }
  }
}