{
  "sensor_data": {
    "metadata": {
      "device_id": "UPS-SENSOR-005",
      "location": "Campus Centenario - UPS Guayaquil",
      "timestamp": "2025-12-09T23:15:15",
      "latitude": -2.170998,
      "longitude": -79.922356
    },
    "readings": {
      "scd30": {
        "co2": 1289.04,
        "temperature": 32.12,
        "humidity": 61.36
      },
      "bme280": {
        "temperature": 31.75,
        "humidity": 63.07,
        "pressure": 1014.6
      },
      "mq135": {
        "analog_value": 224.46,
        "digital_value": 1
      }
    },
    "system_info": {
      "battery_level": 93,
      "sampling_interval": 3600
    }
  }
}