{
  "sensor_data": {
    "metadata": {
      "device_id": "UPS-SENSOR-002",
      "location": "Laboratorio de Ciencias",
      "timestamp": "2025-12-05T13:15:40",
      "latitude": -2.171,
      "longitude": -79.9218
    },
    "readings": {
      "scd30": {
        "co2": 1659.2,
        "temperature": 31.65,
        "humidity": 70.49
      },
      "bme280": {
        "temperature": 31.66,
        "humidity": 69.13,
        "pressure": 1012.45
      },
      "mq135": {
        "analog_value": 287.01,
        "digital_value": 1
      }
    },
    "system_info": {
      "battery_level": 95,
      "sampling_interval": 3600
    }
  }
}