{
  "sensor_data": {
    "metadata": {
      "device_id": "UPS-SENSOR-003",
      "location": "Edificio de Ingeniería - Piso 3",
      "timestamp": "2025-12-08T16:45:39",
      "latitude": -2.1712,
      "longitude": -79.9221
    },
    "readings": {
      "scd30": {
        "co2": 1672.06,
        "temperature": 31.79,
        "humidity": 71.03
      },
      "bme280": {
        "temperature": 31.62,
        "humidity": 71.28,
        "pressure": 1011.73
      },
      "mq135": {
        "analog_value": 316.08,
        "digital_value": 1
      }
    },
    "system_info": {
      "battery_level": 89,
      "sampling_interval": 3600
    }
  }
}