{
  "sensor_data": {
    "metadata": {
      "device_id": "UPS-SENSOR-002",
      "location": "Cafetería Principal",
      "timestamp": "2025-12-03T00:45:06",
      "latitude": -2.1705,
      "longitude": -79.9223
    },
    "readings": {
      "scd30": {
        "co2": 474.51,
        "temperature": 24.12,
        "humidity": 73.79
      },
      "bme280": {
        "temperature": 24.5,
        "humidity": 73.49,
        "pressure": 1013.5
      },
      "mq135": {
        "analog_value": 107.31,
        "digital_value": 0
      }
    },
    "system_info": {
      "battery_level": 89,
      "sampling_interval": 3600
    }
  }
}