{
  "sensor_data": {
    "metadata": {
      "device_id": "UPS-SENSOR-002",
      "location": "Edificio de Ingeniería - Piso 3",
      "timestamp": "2025-12-06T20:45:53",
      "latitude": -2.1712,
      "longitude": -79.9221
    },
    "readings": {
      "scd30": {
        "co2": 586.73,
        "temperature": 29.6,
        "humidity": 69.88
      },
      "bme280": {
        "temperature": 30.09,
        "humidity": 68.96,
        "pressure": 1012.83
      },
      "mq135": {
        "analog_value": 88.46,
        "digital_value": 0
      }
    },
    "system_info": {
      "battery_level": 87,
      "sampling_interval": 3600
    }
  }
}