{
  "sensor_data": {
    "metadata": {
      "device_id": "UPS-SENSOR-003",
      "location": "Edificio de Ingeniería - Piso 3",
      "timestamp": "2025-12-08T14:15:12",
      "latitude": -2.1712,
      "longitude": -79.9221
    },
    "readings": {
      "scd30": {
        "co2": 912.34,
        "temperature": 27.0,
        "humidity": 84.92
      },
      "bme280": {
        "temperature": 26.95,
        "humidity": 84.9,
        "pressure": 1015.68
      },
      "mq135": {
        "analog_value": 75.28,
        "digital_value": 0
      }
    },
    "system_info": {
      "battery_level": 94,
      "sampling_interval": 3600
    }
  }
}