{
  "sensor_data": {
    "metadata": {
      "device_id": "UPS-SENSOR-002",
      "location": "Laboratorio de Ciencias",
      "timestamp": "2025-12-04T02:15:30",
      "latitude": -2.171,
      "longitude": -79.9218
    },
    "readings": {
      "scd30": {
        "co2": 1151.37,
        "temperature": 26.01,
        "humidity": 74.72
      },
      "bme280": {
        "temperature": 26.2,
        "humidity": 75.05,
        "pressure": 1014.94
      },
      "mq135": {
        "analog_value": 226.48,
        "digital_value": 1
      }
    },
    "system_info": {
      "battery_level": 94,
      "sampling_interval": 3600
    }
  }
}