{
  "sensor_data": {
    "metadata": {
      "device_id": "UPS-SENSOR-004",
      "location": "Cafetería Principal",
      "timestamp": "2025-12-08T17:15:37",
      "latitude": -2.1705,
      "longitude": -79.9223
    },
    "readings": {
      "scd30": {
        "co2": 1419.08,
        "temperature": 31.0,
        "humidity": 62.98
      },
      "bme280": {
        "temperature": 30.7,
        "humidity": 62.46,
        "pressure": 1013.72
      },
      "mq135": {
        "analog_value": 306.41,
        "digital_value": 1
      }
    },
    "system_info": {
      "battery_level": 90,
      "sampling_interval": 3600
    }
  }
}