{
  "sensor_data": {
    "metadata": {
      "device_id": "UPS-SENSOR-005",
      "location": "Edificio de Ingeniería - Piso 3",
      "timestamp": "2025-12-01T16:00:22",
      "latitude": -2.1712,
      "longitude": -79.9221
    },
    "readings": {
      "scd30": {
        "co2": 2519.77,
        "temperature": 34.62,
        "humidity": 70.74
      },
      "bme280": {
        "temperature": 34.42,
        "humidity": 71.03,
        "pressure": 1013.9
      },
      "mq135": {
        "analog_value": 320.07,
        "digital_value": 1
      }
    },
    "system_info": {
      "battery_level": 98,
      "sampling_interval": 3600
    }
  }
}