{
  "sensor_data": {
    "metadata": {
      "device_id": "UPS-SENSOR-002",
      "location": "Campus Centenario - UPS Guayaquil",
      "timestamp": "2025-12-02T13:45:54",
      "latitude": -2.170998,
      "longitude": -79.922356
    },
    "readings": {
      "scd30": {
        "co2": 559.93,
        "temperature": 24.37,
        "humidity": 90.95
      },
      "bme280": {
        "temperature": 24.59,
        "humidity": 92.17,
        "pressure": 1014.08
      },
      "mq135": {
        "analog_value": 24.13,
        "digital_value": 0
      }
    },
    "system_info": {
      "battery_level": 99,
      "sampling_interval": 3600
    }
  }
}