{
  "sensor_data": {
    "metadata": {
      "device_id": "UPS-SENSOR-002",
      "location": "Cafetería Principal",
      "timestamp": "2025-12-06T00:15:44",
      "latitude": -2.1705,
      "longitude": -79.9223
    },
    "readings": {
      "scd30": {
        "co2": 455.81,
        "temperature": 24.1,
        "humidity": 69.39
      },
      "bme280": {
        "temperature": 24.29,
        "humidity": 68.72,
        "pressure": 1013.47
      },
      "mq135": {
        "analog_value": 99.92,
        "digital_value": 0
      }
    },
    "system_info": {
      "battery_level": 91,
      "sampling_interval": 3600
    }
  }
}