{
  "sensor_data": {
    "metadata": {
      "device_id": "UPS-SENSOR-003",
      "location": "Edificio de Ingeniería - Piso 3",
      "timestamp": "2025-12-08T21:30:39",
      "latitude": -2.1712,
      "longitude": -79.9221
    },
    "readings": {
      "scd30": {
        "co2": 975.78,
        "temperature": 33.03,
        "humidity": 62.11
      },
      "bme280": {
        "temperature": 33.19,
        "humidity": 63.35,
        "pressure": 1013.97
      },
      "mq135": {
        "analog_value": 87.68,
        "digital_value": 0
      }
    },
    "system_info": {
      "battery_level": 98,
      "sampling_interval": 3600
    }
  }
}