{
  "sensor_data": {
    "metadata": {
      "device_id": "UPS-SENSOR-003",
      "location": "Laboratorio de Ciencias",
      "timestamp": "2025-12-04T12:45:42",
      "latitude": -2.171,
      "longitude": -79.9218
    },
    "readings": {
      "scd30": {
        "co2": 1353.67,
        "temperature": 29.87,
        "humidity": 72.49
      },
      "bme280": {
        "temperature": 29.68,
        "humidity": 72.84,
        "pressure": 1010.77
      },
      "mq135": {
        "analog_value": 246.15,
        "digital_value": 1
      }
    },
    "system_info": {
      "battery_level": 91,
      "sampling_interval": 3600
    }
  }
}