{
  "sensor_data": {
    "metadata": {
      "device_id": "UPS-SENSOR-001",
      "location": "Campus Centenario - UPS Guayaquil",
      "timestamp": "2025-12-08T08:30:07",
      "latitude": -2.170998,
      "longitude": -79.922356
    },
    "readings": {
      "scd30": {
        "co2": 441.52,
        "temperature": 19.36,
        "humidity": 89.02
      },
      "bme280": {
        "temperature": 19.55,
        "humidity": 88.73,
        "pressure": 1016.01
      },
      "mq135": {
        "analog_value": 28.33,
        "digital_value": 0
      }
    },
    "system_info": {
      "battery_level": 100,
      "sampling_interval": 3600
    }
  }
}