{
  "sensor_data": {
    "metadata": {
      "device_id": "UPS-SENSOR-002",
      "location": "Laboratorio de Ciencias",
      "timestamp": "2025-12-04T14:15:49",
      "latitude": -2.171,
      "longitude": -79.9218
    },
    "readings": {
      "scd30": {
        "co2": 1475.97,
        "temperature": 31.11,
        "humidity": 88.24
      },
      "bme280": {
        "temperature": 31.05,
        "humidity": 87.84,
        "pressure": 1013.49
      },
      "mq135": {
        "analog_value": 160.44,
        "digital_value": 1
      }
    },
    "system_info": {
      "battery_level": 99,
      "sampling_interval": 3600
    }
  }
}