{
  "sensor_data": {
    "metadata": {
      "device_id": "UPS-SENSOR-003",
      "location": "Estacionamiento Norte",
      "timestamp": "2025-12-10T17:45:51",
      "latitude": -2.1715,
      "longitude": -79.9215
    },
    "readings": {
      "scd30": {
        "co2": 1495.95,
        "temperature": 31.19,
        "humidity": 65.57
      },
      "bme280": {
        "temperature": 30.71,
        "humidity": 66.65,
        "pressure": 1014.62
      },
      "mq135": {
        "analog_value": 351.47,
        "digital_value": 1
      }
    },
    "system_info": {
      "battery_level": 87,
      "sampling_interval": 3600
    }
  }
}