{
  "sensor_data": {
    "metadata": {
      "device_id": "UPS-SENSOR-001",
      "location": "Biblioteca Central",
      "timestamp": "2025-12-06T09:15:41",
      "latitude": -2.1708,
      "longitude": -79.9225
    },
    "readings": {
      "scd30": {
        "co2": 608.89,
        "temperature": 26.87,
        "humidity": 78.86
      },
      "bme280": {
        "temperature": 27.28,
        "humidity": 77.74,
        "pressure": 1012.54
      },
      "mq135": {
        "analog_value": 105.44,
        "digital_value": 0
      }
    },
    "system_info": {
      "battery_level": 94,
      "sampling_interval": 3600
    }
  }
}