{
  "sensor_data": {
    "metadata": {
      "device_id": "UPS-SENSOR-001",
      "location": "Campus Centenario - UPS Guayaquil",
      "timestamp": "2025-12-03T07:45:26",
      "latitude": -2.170998,
      "longitude": -79.922356
    },
    "readings": {
      "scd30": {
        "co2": 718.63,
        "temperature": 20.13,
        "humidity": 91.31
      },
      "bme280": {
        "temperature": 20.39,
        "humidity": 91.99,
        "pressure": 1013.92
      },
      "mq135": {
        "analog_value": 48.62,
        "digital_value": 0
      }
    },
    "system_info": {
      "battery_level": 97,
      "sampling_interval": 3600
    }
  }
}