{
  "sensor_data": {
    "metadata": {
      "device_id": "UPS-SENSOR-003",
      "location": "Campus Centenario - UPS Guayaquil",
      "timestamp": "2025-12-05T14:00:04",
      "latitude": -2.170998,
      "longitude": -79.922356
    },
    "readings": {
      "scd30": {
        "co2": 992.93,
        "temperature": 29.46,
        "humidity": 66.23
      },
      "bme280": {
        "temperature": 29.43,
        "humidity": 66.17,
        "pressure": 1010.77
      },
      "mq135": {
        "analog_value": 209.23,
        "digital_value": 0
      }
    },
    "system_info": {
      "battery_level": 95,
      "sampling_interval": 3600
    }
  }
}