{
  "sensor_data": {
    "metadata": {
      "device_id": "UPS-SENSOR-001",
      "location": "Área Deportiva",
      "timestamp": "2025-12-02T19:00:15",
      "latitude": -2.172,
      "longitude": -79.922
    },
    "readings": {
      "scd30": {
        "co2": 734.91,
        "temperature": 29.28,
        "humidity": 66.45
      },
      "bme280": {
        "temperature": 29.25,
        "humidity": 64.78,
        "pressure": 1011.97
      },
      "mq135": {
        "analog_value": 173.38,
        "digital_value": 0
      }
    },
    "system_info": {
      "battery_level": 95,
      "sampling_interval": 3600
    }
  }
}