{
  "sensor_data": {
    "metadata": {
      "device_id": "UPS-SENSOR-004",
      "location": "Estacionamiento Norte",
      "timestamp": "2025-12-09T18:45:00",
      "latitude": -2.1715,
      "longitude": -79.9215
    },
    "readings": {
      "scd30": {
        "co2": 1002.34,
        "temperature": 30.87,
        "humidity": 64.96
      },
      "bme280": {
        "temperature": 30.6,
        "humidity": 63.87,
        "pressure": 1015.23
      },
      "mq135": {
        "analog_value": 93.22,
        "digital_value": 1
      }
    },
    "system_info": {
      "battery_level": 93,
      "sampling_interval": 3600
    }
  }
}