{
  "sensor_data": {
    "metadata": {
      "device_id": "UPS-SENSOR-001",
      "location": "Área Deportiva",
      "timestamp": "2025-12-10T18:15:54",
      "latitude": -2.172,
      "longitude": -79.922
    },
    "readings": {
      "scd30": {
        "co2": 653.86,
        "temperature": 29.35,
        "humidity": 68.88
      },
      "bme280": {
        "temperature": 29.65,
        "humidity": 68.13,
        "pressure": 1013.73
      },
      "mq135": {
        "analog_value": 146.9,
        "digital_value": 0
      }
    },
    "system_info": {
      "battery_level": 93,
      "sampling_interval": 3600
    }
  }
}