{
  "sensor_data": {
    "metadata": {
      "device_id": "UPS-SENSOR-005",
      "location": "Campus Centenario - UPS Guayaquil",
      "timestamp": "2025-12-02T00:30:40",
      "latitude": -2.170998,
      "longitude": -79.922356
    },
    "readings": {
      "scd30": {
        "co2": 882.24,
        "temperature": 25.54,
        "humidity": 62.3
      },
      "bme280": {
        "temperature": 25.48,
        "humidity": 63.13,
        "pressure": 1011.04
      },
      "mq135": {
        "analog_value": 171.02,
        "digital_value": 0
      }
    },
    "system_info": {
      "battery_level": 93,
      "sampling_interval": 3600
    }
  }
}