{
  "sensor_data": {
    "metadata": {
      "device_id": "UPS-SENSOR-004",
      "location": "Edificio de Ingeniería - Piso 3",
      "timestamp": "2025-12-02T22:00:48",
      "latitude": -2.1712,
      "longitude": -79.9221
    },
    "readings": {
      "scd30": {
        "co2": 1058.33,
        "temperature": 31.88,
        "humidity": 70.85
      },
      "bme280": {
        "temperature": 32.07,
        "humidity": 68.99,
        "pressure": 1012.57
      },
      "mq135": {
        "analog_value": 191.98,
        "digital_value": 1
      }
    },
    "system_info": {
      "battery_level": 93,
      "sampling_interval": 3600
    }
  }
}