{
  "sensor_data": {
    "metadata": {
      "device_id": "UPS-SENSOR-003",
      "location": "Estacionamiento Norte",
      "timestamp": "2025-12-04T22:30:47",
      "latitude": -2.1715,
      "longitude": -79.9215
    },
    "readings": {
      "scd30": {
        "co2": 626.49,
        "temperature": 30.14,
        "humidity": 74.1
      },
      "bme280": {
        "temperature": 29.98,
        "humidity": 72.45,
        "pressure": 1011.57
      },
      "mq135": {
        "analog_value": 150.45,
        "digital_value": 0
      }
    },
    "system_info": {
      "battery_level": 95,
      "sampling_interval": 3600
    }
  }
}