{
  "sensor_data": {
    "metadata": {
      "device_id": "UPS-SENSOR-001",
      "location": "Cafetería Principal",
      "timestamp": "2025-12-07T10:30:35",
      "latitude": -2.1705,
      "longitude": -79.9223
    },
    "readings": {
      "scd30": {
        "co2": 391.48,
        "temperature": 26.48,
        "humidity": 73.73
      },
      "bme280": {
        "temperature": 26.12,
        "humidity": 75.4,
        "pressure": 1011.84
      },
      "mq135": {
        "analog_value": 70.67,
        "digital_value": 0
      }
    },
    "system_info": {
      "battery_level": 92,
      "sampling_interval": 3600
    }
  }
}