{
  "sensor_data": {
    "metadata": {
      "device_id": "UPS-SENSOR-002",
      "location": "Auditorio Central",
      "timestamp": "2025-12-03T18:00:15",
      "latitude": -2.1703,
      "longitude": -79.9227
    },
    "readings": {
      "scd30": {
        "co2": 1024.79,
        "temperature": 29.31,
        "humidity": 70.09
      },
      "bme280": {
        "temperature": 29.27,
        "humidity": 68.89,
        "pressure": 1013.15
      },
      "mq135": {
        "analog_value": 232.67,
        "digital_value": 1
      }
    },
    "system_info": {
      "battery_level": 93,
      "sampling_interval": 3600
    }
  }
}