{
  "sensor_data": {
    "metadata": {
      "device_id": "UPS-SENSOR-002",
      "location": "Área Deportiva",
      "timestamp": "2025-12-05T17:00:00",
      "latitude": -2.172,
      "longitude": -79.922
    },
    "readings": {
      "scd30": {
        "co2": 494.97,
        "temperature": 27.79,
        "humidity": 67.43
      },
      "bme280": {
        "temperature": 27.62,
        "humidity": 68.61,
        "pressure": 1015.21
      },
      "mq135": {
        "analog_value": 37.41,
        "digital_value": 0
      }
    },
    "system_info": {
      "battery_level": 97,
      "sampling_interval": 3600
    }
  }
}