{
  "sensor_data": {
    "metadata": {
      "device_id": "UPS-SENSOR-003",
      "location": "Auditorio Central",
      "timestamp": "2025-12-01T19:45:56",
      "latitude": -2.1703,
      "longitude": -79.9227
    },
    "readings": {
      "scd30": {
        "co2": 1234.56,
        "temperature": 31.84,
        "humidity": 57.34
      },
      "bme280": {
        "temperature": 32.24,
        "humidity": 57.65,
        "pressure": 1013.89
      },
      "mq135": {
        "analog_value": 268.27,
        "digital_value": 1
      }
    },
    "system_info": {
      "battery_level": 89,
      "sampling_interval": 3600
    }
  }
}