{
  "sensor_data": {
    "metadata": {
      "device_id": "UPS-SENSOR-005",
      "location": "Biblioteca Central",
      "timestamp": "2025-12-10T08:00:48",
      "latitude": -2.1708,
      "longitude": -79.9225
    },
    "readings": {
      "scd30": {
        "co2": 624.93,
        "temperature": 22.83,
        "humidity": 86.29
      },
      "bme280": {
        "temperature": 22.78,
        "humidity": 86.04,
        "pressure": 1015.81
      },
      "mq135": {
        "analog_value": 34.58,
        "digital_value": 0
      }
    },
    "system_info": {
      "battery_level": 92,
      "sampling_interval": 3600
    }
  }
}