{
  "sensor_data": {
    "metadata": {
      "device_id": "UPS-SENSOR-005",
      "location": "Estacionamiento Norte",
      "timestamp": "2025-12-01T08:30:25",
      "latitude": -2.1715,
      "longitude": -79.9215
    },
    "readings": {
      "scd30": {
        "co2": 659.13,
        "temperature": 26.81,
        "humidity": 73.81
      },
      "bme280": {
        "temperature": 26.6,
        "humidity": 72.08,
        "pressure": 1014.45
      },
      "mq135": {
        "analog_value": 138.35,
        "digital_value": 0
      }
    },
    "system_info": {
      "battery_level": 94,
      "sampling_interval": 3600
    }
  }
}