{
  "sensor_data": {
    "metadata": {
      "device_id": "UPS-SENSOR-005",
      "location": "Laboratorio de Ciencias",
      "timestamp": "2025-12-07T19:15:12",
      "latitude": -2.171,
      "longitude": -79.9218
    },
    "readings": {
      "scd30": {
        "co2": 810.74,
        "temperature": 29.62,
        "humidity": 60.54
      },
      "bme280": {
        "temperature": 29.21,
        "humidity": 58.98,
        "pressure": 1014.64
      },
      "mq135": {
        "analog_value": 142.99,
        "digital_value": 0
      }
    },
    "system_info": {
      "battery_level": 95,
      "sampling_interval": 3600
    }
  }
}