{
  "sensor_data": {
    "metadata": {
      "device_id": "UPS-SENSOR-001",
      "location": "Edificio de Ingeniería - Piso 3",
      "timestamp": "2025-12-05T09:15:12",
      "latitude": -2.1712,
      "longitude": -79.9221
    },
    "readings": {
      "scd30": {
        "co2": 1159.85,
        "temperature": 24.74,
        "humidity": 85.69
      },
      "bme280": {
        "temperature": 24.61,
        "humidity": 84.2,
        "pressure": 1014.66
      },
      "mq135": {
        "analog_value": 111.4,
        "digital_value": 1
      }
    },
    "system_info": {
      "battery_level": 94,
      "sampling_interval": 3600
    }
  }
}