{
  "sensor_data": {
    "metadata": {
      "device_id": "UPS-SENSOR-003",
      "location": "Cafetería Principal",
      "timestamp": "2025-12-04T22:00:08",
      "latitude": -2.1705,
      "longitude": -79.9223
    },
    "readings": {
      "scd30": {
        "co2": 643.56,
        "temperature": 29.84,
        "humidity": 74.61
      },
      "bme280": {
        "temperature": 30.02,
        "humidity": 72.74,
        "pressure": 1012.89
      },
      "mq135": {
        "analog_value": 108.61,
        "digital_value": 0
      }
    },
    "system_info": {
      "battery_level": 89,
      "sampling_interval": 3600
    }
  }
}