{
  "sensor_data": {
    "metadata": {
      "device_id": "UPS-SENSOR-003",
      "location": "Campus Centenario - UPS Guayaquil",
      "timestamp": "2025-12-06T17:45:22",
      "latitude": -2.170998,
      "longitude": -79.922356
    },
    "readings": {
      "scd30": {
        "co2": 813.09,
        "temperature": 28.21,
        "humidity": 73.49
      },
      "bme280": {
        "temperature": 28.32,
        "humidity": 72.92,
        "pressure": 1013.96
      },
      "mq135": {
        "analog_value": 61.03,
        "digital_value": 0
      }
    },
    "system_info": {
      "battery_level": 95,
      "sampling_interval": 3600
    }
  }
}