{
  "sensor_data": {
    "metadata": {
      "device_id": "UPS-SENSOR-005",
      "location": "Cafetería Principal",
      "timestamp": "2025-12-09T20:15:57",
      "latitude": -2.1705,
      "longitude": -79.9223
    },
    "readings": {
      "scd30": {
        "co2": 442.62,
        "temperature": 29.13,
        "humidity": 68.44
      },
      "bme280": {
        "temperature": 29.39,
        "humidity": 67.04,
        "pressure": 1014.09
      },
      "mq135": {
        "analog_value": 86.84,
        "digital_value": 0
      }
    },
    "system_info": {
      "battery_level": 87,
      "sampling_interval": 3600
    }
  }
}