{
  "sensor_data": {
    "metadata": {
      "device_id": "UPS-SENSOR-001",
      "location": "Edificio de Ingeniería - Piso 3",
      "timestamp": "2025-12-04T14:15:31",
      "latitude": -2.1712,
      "longitude": -79.9221
    },
    "readings": {
      "scd30": {
        "co2": 914.51,
        "temperature": 28.67,
        "humidity": 58.84
      },
      "bme280": {
        "temperature": 28.97,
        "humidity": 57.31,
        "pressure": 1011.16
      },
      "mq135": {
        "analog_value": 215.45,
        "digital_value": 0
      }
    },
    "system_info": {
      "battery_level": 90,
      "sampling_interval": 3600
    }
  }
}