{
  "sensor_data": {
    "metadata": {
      "device_id": "UPS-SENSOR-003",
      "location": "Cafetería Principal",
      "timestamp": "2025-12-07T22:45:22",
      "latitude": -2.1705,
      "longitude": -79.9223
    },
    "readings": {
      "scd30": {
        "co2": 386.68,
        "temperature": 29.47,
        "humidity": 62.1
      },
      "bme280": {
        "temperature": 29.67,
        "humidity": 62.26,
        "pressure": 1010.28
      },
      "mq135": {
        "analog_value": 71.49,
        "digital_value": 0
      }
    },
    "system_info": {
      "battery_level": 95,
      "sampling_interval": 3600
    }
  }
}