{
  "sensor_data": {
    "metadata": {
      "device_id": "UPS-SENSOR-001",
      "location": "Edificio de Ingeniería - Piso 3",
      "timestamp": "2025-12-05T07:45:54",
      "latitude": -2.1712,
      "longitude": -79.9221
    },
    "readings": {
      "scd30": {
        "co2": 779.47,
        "temperature": 26.23,
        "humidity": 70.0
      },
      "bme280": {
        "temperature": 26.06,
        "humidity": 69.34,
        "pressure": 1012.92
      },
      "mq135": {
        "analog_value": 134.67,
        "digital_value": 0
      }
    },
    "system_info": {
      "battery_level": 95,
      "sampling_interval": 3600
    }
  }
}