{
  "sensor_data": {
    "metadata": {
      "device_id": "UPS-SENSOR-003",
      "location": "Auditorio Central",
      "timestamp": "2025-12-10T12:30:05",
      "latitude": -2.1703,
      "longitude": -79.9227
    },
    "readings": {
      "scd30": {
        "co2": 1377.41,
        "temperature": 28.42,
        "humidity": 61.08
      },
      "bme280": {
        "temperature": 28.26,
        "humidity": 60.74,
        "pressure": 1012.42
      },
      "mq135": {
        "analog_value": 275.57,
        "digital_value": 1
      }
    },
    "system_info": {
      "battery_level": 86,
      "sampling_interval": 3600
    }
  }
}