{
  "sensor_data": {
    "metadata": {
      "device_id": "UPS-SENSOR-004",
      "location": "Cafetería Principal",
      "timestamp": "2025-12-09T08:00:15",
      "latitude": -2.1705,
      "longitude": -79.9223
    },
    "readings": {
      "scd30": {
        "co2": 813.06,
        "temperature": 27.52,
        "humidity": 85.28
      },
      "bme280": {
        "temperature": 27.26,
        "humidity": 86.04,
        "pressure": 1012.99
      },
      "mq135": {
        "analog_value": 127.29,
        "digital_value": 0
      }
    },
    "system_info": {
      "battery_level": 87,
      "sampling_interval": 3600
    }
  }
}