{
  "sensor_data": {
    "metadata": {
      "device_id": "UPS-SENSOR-004",
      "location": "Biblioteca Central",
      "timestamp": "2025-12-10T08:00:53",
      "latitude": -2.1708,
      "longitude": -79.9225
    },
    "readings": {
      "scd30": {
        "co2": 1188.18,
        "temperature": 23.86,
        "humidity": 88.67
      },
      "bme280": {
        "temperature": 24.06,
        "humidity": 88.91,
        "pressure": 1015.97
      },
      "mq135": {
        "analog_value": 117.01,
        "digital_value": 1
      }
    },
    "system_info": {
      "battery_level": 93,
      "sampling_interval": 3600
    }
  }
}