{
  "sensor_data": {
    "metadata": {
      "device_id": "UPS-SENSOR-003",
      "location": "Área Deportiva",
      "timestamp": "2025-12-05T07:45:51",
      "latitude": -2.172,
      "longitude": -79.922
    },
    "readings": {
      "scd30": {
        "co2": 1038.81,
        "temperature": 26.93,
        "humidity": 84.26
      },
      "bme280": {
        "temperature": 26.88,
        "humidity": 85.72,
        "pressure": 1014.78
      },
      "mq135": {
        "analog_value": 218.08,
        "digital_value": 1
      }
    },
    "system_info": {
      "battery_level": 95,
      "sampling_interval": 3600
    }
  }
}