{
  "sensor_data": {
    "metadata": {
      "device_id": "UPS-SENSOR-002",
      "location": "Edificio de Ingeniería - Piso 3",
      "timestamp": "2025-12-08T13:30:40",
      "latitude": -2.1712,
      "longitude": -79.9221
    },
    "readings": {
      "scd30": {
        "co2": 1453.37,
        "temperature": 28.44,
        "humidity": 89.25
      },
      "bme280": {
        "temperature": 28.6,
        "humidity": 88.43,
        "pressure": 1015.42
      },
      "mq135": {
        "analog_value": 157.15,
        "digital_value": 1
      }
    },
    "system_info": {
      "battery_level": 96,
      "sampling_interval": 3600
    }
  }
}