{
  "sensor_data": {
    "metadata": {
      "device_id": "UPS-SENSOR-005",
      "location": "Área Deportiva",
      "timestamp": "2025-12-08T20:15:48",
      "latitude": -2.172,
      "longitude": -79.922
    },
    "readings": {
      "scd30": {
        "co2": 649.96,
        "temperature": 29.9,
        "humidity": 68.68
      },
      "bme280": {
        "temperature": 30.26,
        "humidity": 69.68,
        "pressure": 1010.01
      },
      "mq135": {
        "analog_value": 145.6,
        "digital_value": 0
      }
    },
    "system_info": {
      "battery_level": 88,
      "sampling_interval": 3600
    }
  }
}