{
  "sensor_data": {
    "metadata": {
      "device_id": "UPS-SENSOR-002",
      "location": "Campus Centenario - UPS Guayaquil",
      "timestamp": "2025-12-03T07:45:10",
      "latitude": -2.170998,
      "longitude": -79.922356
    },
    "readings": {
      "scd30": {
        "co2": 1964.61,
        "temperature": 29.39,
        "humidity": 72.05
      },
      "bme280": {
        "temperature": 29.31,
        "humidity": 73.38,
        "pressure": 1012.3
      },
      "mq135": {
        "analog_value": 425.76,
        "digital_value": 1
      }
    },
    "system_info": {
      "battery_level": 95,
      "sampling_interval": 3600
    }
  }
}