{
  "sensor_data": {
    "metadata": {
      "device_id": "UPS-SENSOR-001",
      "location": "Edificio de Ingeniería - Piso 3",
      "timestamp": "2025-12-07T15:30:35",
      "latitude": -2.1712,
      "longitude": -79.9221
    },
    "readings": {
      "scd30": {
        "co2": 491.36,
        "temperature": 27.94,
        "humidity": 74.44
      },
      "bme280": {
        "temperature": 27.84,
        "humidity": 73.21,
        "pressure": 1013.49
      },
      "mq135": {
        "analog_value": 115.45,
        "digital_value": 0
      }
    },
    "system_info": {
      "battery_level": 86,
      "sampling_interval": 3600
    }
  }
}