{
  "sensor_data": {
    "metadata": {
      "device_id": "UPS-SENSOR-005",
      "location": "Estacionamiento Norte",
      "timestamp": "2025-12-09T18:15:56",
      "latitude": -2.1715,
      "longitude": -79.9215
    },
    "readings": {
      "scd30": {
        "co2": 520.02,
        "temperature": 30.82,
        "humidity": 69.49
      },
      "bme280": {
        "temperature": 30.59,
        "humidity": 68.96,
        "pressure": 1014.86
      },
      "mq135": {
        "analog_value": 18.64,
        "digital_value": 0
      }
    },
    "system_info": {
      "battery_level": 94,
      "sampling_interval": 3600
    }
  }
}