{
  "sensor_data": {
    "metadata": {
      "device_id": "UPS-SENSOR-005",
      "location": "Cafetería Principal",
      "timestamp": "2025-12-01T21:45:55",
      "latitude": -2.1705,
      "longitude": -79.9223
    },
    "readings": {
      "scd30": {
        "co2": 984.61,
        "temperature": 34.96,
        "humidity": 63.92
      },
      "bme280": {
        "temperature": 34.99,
        "humidity": 63.52,
        "pressure": 1013.46
      },
      "mq135": {
        "analog_value": 96.03,
        "digital_value": 0
      }
    },
    "system_info": {
      "battery_level": 97,
      "sampling_interval": 3600
    }
  }
}