{
  "sensor_data": {
    "metadata": {
      "device_id": "UPS-SENSOR-004",
      "location": "Cafetería Principal",
      "timestamp": "2025-12-04T22:00:37",
      "latitude": -2.1705,
      "longitude": -79.9223
    },
    "readings": {
      "scd30": {
        "co2": 1111.76,
        "temperature": 31.98,
        "humidity": 63.28
      },
      "bme280": {
        "temperature": 32.01,
        "humidity": 64.39,
        "pressure": 1013.48
      },
      "mq135": {
        "analog_value": 207.18,
        "digital_value": 1
      }
    },
    "system_info": {
      "battery_level": 92,
      "sampling_interval": 3600
    }
  }
}