{
  "sensor_data": {
    "metadata": {
      "device_id": "UPS-SENSOR-001",
      "location": "Campus Centenario - UPS Guayaquil",
      "timestamp": "2025-01-15T18:30:00",
      "latitude": -2.170998,
      "longitude": -79.922356
    },
    "readings": {
      "scd30": {
        "co2": 1200.8,
        "temperature": 29.5,
        "humidity": 58.3
      },
      "bme280": {
        "temperature": 29.3,
        "humidity": 58.7,
        "pressure": 1012.8
      },
      "mq135": {
        "analog_value": 245.2,
        "digital_value": 1
      }
    },
    "system_info": {
      "battery_level": 82,
      "sampling_interval": 3600
    }
  }
}