{
  "sensor_data": {
    "metadata": {
      "device_id": "UPS-SENSOR-001",
      "location": "Área Deportiva",
      "timestamp": "2025-12-10T19:15:54",
      "latitude": -2.172,
      "longitude": -79.922
    },
    "readings": {
      "scd30": {
        "co2": 794.14,
        "temperature": 30.35,
        "humidity": 61.51
      },
      "bme280": {
        "temperature": 30.06,
        "humidity": 61.5,
        "pressure": 1015.33
      },
      "mq135": {
        "analog_value": 58.4,
        "digital_value": 0
      }
    },
    "system_info": {
      "battery_level": 93,
      "sampling_interval": 3600
    }
  }
}