{
  "sensor_data": {
    "metadata": {
      "device_id": "UPS-SENSOR-003",
      "location": "Área Deportiva",
      "timestamp": "2025-12-01T19:30:07",
      "latitude": -2.172,
      "longitude": -79.922
    },
    "readings": {
      "scd30": {
        "co2": 769.09,
        "temperature": 29.39,
        "humidity": 72.61
      },
      "bme280": {
        "temperature": 29.31,
        "humidity": 73.47,
        "pressure": 1011.32
      },
      "mq135": {
        "analog_value": 138.0,
        "digital_value": 0
      }
    },
    "system_info": {
      "battery_level": 92,
      "sampling_interval": 3600
    }
  }
}