{
  "sensor_data": {
    "metadata": {
      "device_id": "UPS-SENSOR-004",
      "location": "Cafetería Principal",
      "timestamp": "2025-12-08T15:15:23",
      "latitude": -2.1705,
      "longitude": -79.9223
    },
    "readings": {
      "scd30": {
        "co2": 1266.51,
        "temperature": 30.02,
        "humidity": 74.12
      },
      "bme280": {
        "temperature": 30.41,
        "humidity": 75.96,
        "pressure": 1013.02
      },
      "mq135": {
        "analog_value": 240.03,
        "digital_value": 1
      }
    },
    "system_info": {
      "battery_level": 95,
      "sampling_interval": 3600
    }
  }
}