{
  "sensor_data": {
    "metadata": {
      "device_id": "UPS-SENSOR-001",
      "location": "Estacionamiento Norte",
      "timestamp": "2025-12-07T08:30:28",
      "latitude": -2.1715,
      "longitude": -79.9215
    },
    "readings": {
      "scd30": {
        "co2": 343.11,
        "temperature": 25.8,
        "humidity": 72.3
      },
      "bme280": {
        "temperature": 26.08,
        "humidity": 71.32,
        "pressure": 1013.69
      },
      "mq135": {
        "analog_value": 54.29,
        "digital_value": 0
      }
    },
    "system_info": {
      "battery_level": 91,
      "sampling_interval": 3600
    }
  }
}