{
  "sensor_data": {
    "metadata": {
      "device_id": "UPS-SENSOR-005",
      "location": "Estacionamiento Norte",
      "timestamp": "2025-12-09T02:15:53",
      "latitude": -2.1715,
      "longitude": -79.9215
    },
    "readings": {
      "scd30": {
        "co2": 343.12,
        "temperature": 24.29,
        "humidity": 68.25
      },
      "bme280": {
        "temperature": 24.19,
        "humidity": 68.1,
        "pressure": 1013.26
      },
      "mq135": {
        "analog_value": 82.96,
        "digital_value": 0
      }
    },
    "system_info": {
      "battery_level": 89,
      "sampling_interval": 3600
    }
  }
}