{
  "sensor_data": {
    "metadata": {
      "device_id": "UPS-SENSOR-005",
      "location": "Estacionamiento Norte",
      "timestamp": "2025-12-09T14:45:54",
      "latitude": -2.1715,
      "longitude": -79.9215
    },
    "readings": {
      "scd30": {
        "co2": 624.03,
        "temperature": 26.59,
        "humidity": 83.34
      },
      "bme280": {
        "temperature": 26.5,
        "humidity": 84.7,
        "pressure": 1015.5
      },
      "mq135": {
        "analog_value": 31.49,
        "digital_value": 0
      }
    },
    "system_info": {
      "battery_level": 96,
      "sampling_interval": 3600
    }
  }
}