{
  "sensor_data": {
    "metadata": {
      "device_id": "UPS-SENSOR-003",
      "location": "Biblioteca Central",
      "timestamp": "2025-12-04T07:00:28",
      "latitude": -2.1708,
      "longitude": -79.9225
    },
    "readings": {
      "scd30": {
        "co2": 1159.8,
        "temperature": 22.31,
        "humidity": 86.07
      },
      "bme280": {
        "temperature": 22.52,
        "humidity": 84.65,
        "pressure": 1014.59
      },
      "mq135": {
        "analog_value": 114.26,
        "digital_value": 1
      }
    },
    "system_info": {
      "battery_level": 99,
      "sampling_interval": 3600
    }
  }
}