{
  "sensor_data": {
    "metadata": {
      "device_id": "UPS-SENSOR-004",
      "location": "Cafetería Principal",
      "timestamp": "2025-12-09T12:15:31",
      "latitude": -2.1705,
      "longitude": -79.9223
    },
    "readings": {
      "scd30": {
        "co2": 1404.74,
        "temperature": 28.33,
        "humidity": 94.74
      },
      "bme280": {
        "temperature": 28.39,
        "humidity": 94.97,
        "pressure": 1016.08
      },
      "mq135": {
        "analog_value": 151.63,
        "digital_value": 1
      }
    },
    "system_info": {
      "battery_level": 97,
      "sampling_interval": 3600
    }
  }
}