{
  "sensor_data": {
    "metadata": {
      "device_id": "UPS-SENSOR-004",
      "location": "Área Deportiva",
      "timestamp": "2025-12-05T07:30:08",
      "latitude": -2.172,
      "longitude": -79.922
    },
    "readings": {
      "scd30": {
        "co2": 684.57,
        "temperature": 26.61,
        "humidity": 69.19
      },
      "bme280": {
        "temperature": 26.96,
        "humidity": 68.56,
        "pressure": 1013.9
      },
      "mq135": {
        "analog_value": 103.71,
        "digital_value": 0
      }
    },
    "system_info": {
      "battery_level": 90,
      "sampling_interval": 3600
    }
  }
}