{
  "sensor_data": {
    "metadata": {
      "device_id": "UPS-SENSOR-002",
      "location": "Auditorio Central",
      "timestamp": "2025-12-04T19:00:07",
      "latitude": -2.1703,
      "longitude": -79.9227
    },
    "readings": {
      "scd30": {
        "co2": 738.79,
        "temperature": 29.53,
        "humidity": 60.71
      },
      "bme280": {
        "temperature": 29.1,
        "humidity": 61.3,
        "pressure": 1011.0
      },
      "mq135": {
        "analog_value": 128.31,
        "digital_value": 0
      }
    },
    "system_info": {
      "battery_level": 90,
      "sampling_interval": 3600
    }
  }
}