{
  "sensor_data": {
    "metadata": {
      "device_id": "UPS-SENSOR-003",
      "location": "Cafetería Principal",
      "timestamp": "2025-12-06T21:30:18",
      "latitude": -2.1705,
      "longitude": -79.9223
    },
    "readings": {
      "scd30": {
        "co2": 474.12,
        "temperature": 29.52,
        "humidity": 59.36
      },
      "bme280": {
        "temperature": 29.89,
        "humidity": 60.1,
        "pressure": 1010.07
      },
      "mq135": {
        "analog_value": 116.28,
        "digital_value": 0
      }
    },
    "system_info": {
      "battery_level": 95,
      "sampling_interval": 3600
    }
  }
}