{
  "sensor_data": {
    "metadata": {
      "device_id": "UPS-SENSOR-003",
      "location": "Edificio de Ingeniería - Piso 3",
      "timestamp": "2025-12-07T15:45:39",
      "latitude": -2.1712,
      "longitude": -79.9221
    },
    "readings": {
      "scd30": {
        "co2": 760.28,
        "temperature": 28.6,
        "humidity": 82.55
      },
      "bme280": {
        "temperature": 28.84,
        "humidity": 83.41,
        "pressure": 1015.52
      },
      "mq135": {
        "analog_value": 54.19,
        "digital_value": 0
      }
    },
    "system_info": {
      "battery_level": 95,
      "sampling_interval": 3600
    }
  }
}