{
  "sensor_data": {
    "metadata": {
      "device_id": "UPS-SENSOR-001",
      "location": "Campus Centenario - UPS Guayaquil",
      "timestamp": "2025-12-09T19:15:14",
      "latitude": -2.170998,
      "longitude": -79.922356
    },
    "readings": {
      "scd30": {
        "co2": 529.83,
        "temperature": 29.66,
        "humidity": 66.99
      },
      "bme280": {
        "temperature": 29.49,
        "humidity": 67.31,
        "pressure": 1014.37
      },
      "mq135": {
        "analog_value": 17.07,
        "digital_value": 0
      }
    },
    "system_info": {
      "battery_level": 97,
      "sampling_interval": 3600
    }
  }
}