{
  "sensor_data": {
    "metadata": {
      "device_id": "UPS-SENSOR-001",
      "location": "Edificio de Ingeniería - Piso 3",
      "timestamp": "2025-12-02T10:45:27",
      "latitude": -2.1712,
      "longitude": -79.9221
    },
    "readings": {
      "scd30": {
        "co2": 582.9,
        "temperature": 27.18,
        "humidity": 81.94
      },
      "bme280": {
        "temperature": 27.34,
        "humidity": 82.14,
        "pressure": 1012.64
      },
      "mq135": {
        "analog_value": 130.41,
        "digital_value": 0
      }
    },
    "system_info": {
      "battery_level": 95,
      "sampling_interval": 3600
    }
  }
}