{
  "sensor_data": {
    "metadata": {
      "device_id": "UPS-SENSOR-002",
      "location": "Campus Centenario - UPS Guayaquil",
      "timestamp": "2025-12-03T16:45:31",
      "latitude": -2.170998,
      "longitude": -79.922356
    },
    "readings": {
      "scd30": {
        "co2": 671.91,
        "temperature": 28.9,
        "humidity": 76.4
      },
      "bme280": {
        "temperature": 29.03,
        "humidity": 76.16,
        "pressure": 1013.15
      },
      "mq135": {
        "analog_value": 38.94,
        "digital_value": 0
      }
    },
    "system_info": {
      "battery_level": 97,
      "sampling_interval": 3600
    }
  }
}