{
  "sensor_data": {
    "metadata": {
      "device_id": "UPS-SENSOR-004",
      "location": "Laboratorio de Ciencias",
      "timestamp": "2025-12-10T14:00:16",
      "latitude": -2.171,
      "longitude": -79.9218
    },
    "readings": {
      "scd30": {
        "co2": 1561.72,
        "temperature": 30.82,
        "humidity": 70.87
      },
      "bme280": {
        "temperature": 31.19,
        "humidity": 70.33,
        "pressure": 1012.57
      },
      "mq135": {
        "analog_value": 372.19,
        "digital_value": 1
      }
    },
    "system_info": {
      "battery_level": 87,
      "sampling_interval": 3600
    }
  }
}