{
  "sensor_data": {
    "metadata": {
      "device_id": "UPS-SENSOR-004",
      "location": "Biblioteca Central",
      "timestamp": "2025-12-09T13:15:42",
      "latitude": -2.1708,
      "longitude": -79.9225
    },
    "readings": {
      "scd30": {
        "co2": 990.15,
        "temperature": 26.1,
        "humidity": 81.4
      },
      "bme280": {
        "temperature": 26.2,
        "humidity": 80.51,
        "pressure": 1014.76
      },
      "mq135": {
        "analog_value": 90.35,
        "digital_value": 0
      }
    },
    "system_info": {
      "battery_level": 100,
      "sampling_interval": 3600
    }
  }
}