{
  "sensor_data": {
    "metadata": {
      "device_id": "UPS-SENSOR-003",
      "location": "Biblioteca Central",
      "timestamp": "2025-12-08T05:45:51",
      "latitude": -2.1708,
      "longitude": -79.9225
    },
    "readings": {
      "scd30": {
        "co2": 893.88,
        "temperature": 26.4,
        "humidity": 55.17
      },
      "bme280": {
        "temperature": 26.46,
        "humidity": 53.29,
        "pressure": 1013.97
      },
      "mq135": {
        "analog_value": 134.51,
        "digital_value": 0
      }
    },
    "system_info": {
      "battery_level": 94,
      "sampling_interval": 3600
    }
  }
}