{
  "sensor_data": {
    "metadata": {
      "device_id": "UPS-SENSOR-002",
      "location": "Área Deportiva",
      "timestamp": "2025-12-09T16:15:35",
      "latitude": -2.172,
      "longitude": -79.922
    },
    "readings": {
      "scd30": {
        "co2": 1572.48,
        "temperature": 31.33,
        "humidity": 62.43
      },
      "bme280": {
        "temperature": 31.56,
        "humidity": 63.87,
        "pressure": 1013.23
      },
      "mq135": {
        "analog_value": 275.17,
        "digital_value": 1
      }
    },
    "system_info": {
      "battery_level": 87,
      "sampling_interval": 3600
    }
  }
}