{
  "sensor_data": {
    "metadata": {
      "device_id": "UPS-SENSOR-003",
      "location": "Área Deportiva",
      "timestamp": "2025-12-08T11:30:54",
      "latitude": -2.172,
      "longitude": -79.922
    },
    "readings": {
      "scd30": {
        "co2": 595.21,
        "temperature": 22.56,
        "humidity": 91.44
      },
      "bme280": {
        "temperature": 22.49,
        "humidity": 90.19,
        "pressure": 1014.78
      },
      "mq135": {
        "analog_value": 63.86,
        "digital_value": 0
      }
    },
    "system_info": {
      "battery_level": 96,
      "sampling_interval": 3600
    }
  }
}