{
  "sensor_data": {
    "metadata": {
      "device_id": "UPS-SENSOR-001",
      "location": "Edificio de Ingeniería - Piso 3",
      "timestamp": "2025-12-04T17:00:34",
      "latitude": -2.1712,
      "longitude": -79.9221
    },
    "readings": {
      "scd30": {
        "co2": 787.48,
        "temperature": 29.37,
        "humidity": 56.09
      },
      "bme280": {
        "temperature": 28.95,
        "humidity": 55.72,
        "pressure": 1013.07
      },
      "mq135": {
        "analog_value": 149.78,
        "digital_value": 0
      }
    },
    "system_info": {
      "battery_level": 95,
      "sampling_interval": 3600
    }
  }
}