{
  "sensor_data": {
    "metadata": {
      "device_id": "UPS-SENSOR-005",
      "location": "Biblioteca Central",
      "timestamp": "2025-12-07T08:15:33",
      "latitude": -2.1708,
      "longitude": -79.9225
    },
    "readings": {
      "scd30": {
        "co2": 445.35,
        "temperature": 26.13,
        "humidity": 81.18
      },
      "bme280": {
        "temperature": 26.21,
        "humidity": 80.56,
        "pressure": 1010.88
      },
      "mq135": {
        "analog_value": 88.79,
        "digital_value": 0
      }
    },
    "system_info": {
      "battery_level": 86,
      "sampling_interval": 3600
    }
  }
}