{
  "sensor_data": {
    "metadata": {
      "device_id": "UPS-SENSOR-003",
      "location": "Biblioteca Central",
      "timestamp": "2025-12-09T10:00:17",
      "latitude": -2.1708,
      "longitude": -79.9225
    },
    "readings": {
      "scd30": {
        "co2": 2265.84,
        "temperature": 30.67,
        "humidity": 75.33
      },
      "bme280": {
        "temperature": 30.61,
        "humidity": 74.11,
        "pressure": 1013.33
      },
      "mq135": {
        "analog_value": 357.95,
        "digital_value": 1
      }
    },
    "system_info": {
      "battery_level": 93,
      "sampling_interval": 3600
    }
  }
}