{
  "sensor_data": {
    "metadata": {
      "device_id": "UPS-SENSOR-003",
      "location": "Cafetería Principal",
      "timestamp": "2025-12-03T22:30:31",
      "latitude": -2.1705,
      "longitude": -79.9223
    },
    "readings": {
      "scd30": {
        "co2": 597.99,
        "temperature": 30.08,
        "humidity": 66.79
      },
      "bme280": {
        "temperature": 29.76,
        "humidity": 67.36,
        "pressure": 1011.58
      },
      "mq135": {
        "analog_value": 117.1,
        "digital_value": 0
      }
    },
    "system_info": {
      "battery_level": 95,
      "sampling_interval": 3600
    }
  }
}