{
  "sensor_data": {
    "metadata": {
      "device_id": "UPS-SENSOR-002",
      "location": "Estacionamiento Norte",
      "timestamp": "2025-12-05T13:30:14",
      "latitude": -2.1715,
      "longitude": -79.9215
    },
    "readings": {
      "scd30": {
        "co2": 966.4,
        "temperature": 28.14,
        "humidity": 66.74
      },
      "bme280": {
        "temperature": 28.16,
        "humidity": 66.71,
        "pressure": 1013.4
      },
      "mq135": {
        "analog_value": 163.62,
        "digital_value": 0
      }
    },
    "system_info": {
      "battery_level": 93,
      "sampling_interval": 3600
    }
  }
}