{
  "sensor_data": {
    "metadata": {
      "device_id": "UPS-SENSOR-002",
      "location": "Estacionamiento Norte",
      "timestamp": "2025-12-11T02:15:28",
      "latitude": -2.1715,
      "longitude": -79.9215
    },
    "readings": {
      "scd30": {
        "co2": 439.24,
        "temperature": 24.62,
        "humidity": 66.1
      },
      "bme280": {
        "temperature": 24.64,
        "humidity": 64.78,
        "pressure": 1010.94
      },
      "mq135": {
        "analog_value": 86.14,
        "digital_value": 0
      }
    },
    "system_info": {
      "battery_level": 90,
      "sampling_interval": 3600
    }
  }
}