{
  "sensor_data": {
    "metadata": {
      "device_id": "UPS-SENSOR-005",
      "location": "Campus Centenario - UPS Guayaquil",
      "timestamp": "2025-12-01T03:00:02",
      "latitude": -2.170998,
      "longitude": -79.922356
    },
    "readings": {
      "scd30": {
        "co2": 743.99,
        "temperature": 25.96,
        "humidity": 69.15
      },
      "bme280": {
        "temperature": 26.04,
        "humidity": 68.28,
        "pressure": 1012.51
      },
      "mq135": {
        "analog_value": 125.13,
        "digital_value": 0
      }
    },
    "system_info": {
      "battery_level": 95,
      "sampling_interval": 3600
    }
  }
}