{
  "sensor_data": {
    "metadata": {
      "device_id": "UPS-SENSOR-001",
      "location": "Cafetería Principal",
      "timestamp": "2025-12-06T06:45:24",
      "latitude": -2.1705,
      "longitude": -79.9223
    },
    "readings": {
      "scd30": {
        "co2": 499.71,
        "temperature": 25.79,
        "humidity": 63.02
      },
      "bme280": {
        "temperature": 25.77,
        "humidity": 64.31,
        "pressure": 1013.09
      },
      "mq135": {
        "analog_value": 92.36,
        "digital_value": 0
      }
    },
    "system_info": {
      "battery_level": 92,
      "sampling_interval": 3600
    }
  }
}