{
  "sensor_data": {
    "metadata": {
      "device_id": "UPS-SENSOR-001",
      "location": "Estacionamiento Norte",
      "timestamp": "2025-12-04T06:30:24",
      "latitude": -2.1715,
      "longitude": -79.9215
    },
    "readings": {
      "scd30": {
        "co2": 1155.39,
        "temperature": 27.6,
        "humidity": 72.39
      },
      "bme280": {
        "temperature": 27.22,
        "humidity": 73.01,
        "pressure": 1014.66
      },
      "mq135": {
        "analog_value": 234.73,
        "digital_value": 1
      }
    },
    "system_info": {
      "battery_level": 90,
      "sampling_interval": 3600
    }
  }
}