{
  "sensor_data": {
    "metadata": {
      "device_id": "UPS-SENSOR-001",
      "location": "Auditorio Central",
      "timestamp": "2025-12-07T22:45:24",
      "latitude": -2.1703,
      "longitude": -79.9227
    },
    "readings": {
      "scd30": {
        "co2": 368.41,
        "temperature": 29.46,
        "humidity": 59.53
      },
      "bme280": {
        "temperature": 29.56,
        "humidity": 57.92,
        "pressure": 1011.14
      },
      "mq135": {
        "analog_value": 68.7,
        "digital_value": 0
      }
    },
    "system_info": {
      "battery_level": 91,
      "sampling_interval": 3600
    }
  }
}