{
  "sensor_data": {
    "metadata": {
      "device_id": "UPS-SENSOR-001",
      "location": "Estacionamiento Norte",
      "timestamp": "2025-12-09T07:30:16",
      "latitude": -2.1715,
      "longitude": -79.9215
    },
    "readings": {
      "scd30": {
        "co2": 1602.55,
        "temperature": 28.36,
        "humidity": 69.61
      },
      "bme280": {
        "temperature": 28.29,
        "humidity": 70.82,
        "pressure": 1010.78
      },
      "mq135": {
        "analog_value": 383.31,
        "digital_value": 1
      }
    },
    "system_info": {
      "battery_level": 92,
      "sampling_interval": 3600
    }
  }
}