{
  "sensor_data": {
    "metadata": {
      "device_id": "UPS-SENSOR-004",
      "location": "Área Deportiva",
      "timestamp": "2025-12-07T18:00:44",
      "latitude": -2.172,
      "longitude": -79.922
    },
    "readings": {
      "scd30": {
        "co2": 1441.91,
        "temperature": 30.01,
        "humidity": 59.5
      },
      "bme280": {
        "temperature": 30.2,
        "humidity": 57.66,
        "pressure": 1014.56
      },
      "mq135": {
        "analog_value": 255.67,
        "digital_value": 1
      }
    },
    "system_info": {
      "battery_level": 88,
      "sampling_interval": 3600
    }
  }
}