{
  "sensor_data": {
    "metadata": {
      "device_id": "UPS-SENSOR-004",
      "location": "Campus Centenario - UPS Guayaquil",
      "timestamp": "2025-12-04T11:15:17",
      "latitude": -2.170998,
      "longitude": -79.922356
    },
    "readings": {
      "scd30": {
        "co2": 760.93,
        "temperature": 22.65,
        "humidity": 87.4
      },
      "bme280": {
        "temperature": 22.79,
        "humidity": 87.55,
        "pressure": 1015.25
      },
      "mq135": {
        "analog_value": 54.95,
        "digital_value": 0
      }
    },
    "system_info": {
      "battery_level": 93,
      "sampling_interval": 3600
    }
  }
}