{
  "sensor_data": {
    "metadata": {
      "device_id": "UPS-SENSOR-004",
      "location": "Laboratorio de Ciencias",
      "timestamp": "2025-12-04T23:30:43",
      "latitude": -2.171,
      "longitude": -79.9218
    },
    "readings": {
      "scd30": {
        "co2": 848.02,
        "temperature": 30.67,
        "humidity": 57.46
      },
      "bme280": {
        "temperature": 30.51,
        "humidity": 56.91,
        "pressure": 1012.81
      },
      "mq135": {
        "analog_value": 182.06,
        "digital_value": 0
      }
    },
    "system_info": {
      "battery_level": 92,
      "sampling_interval": 3600
    }
  }
}