{
  "sensor_data": {
    "metadata": {
      "device_id": "UPS-SENSOR-001",
      "location": "Estacionamiento Norte",
      "timestamp": "2025-12-06T02:00:12",
      "latitude": -2.1715,
      "longitude": -79.9215
    },
    "readings": {
      "scd30": {
        "co2": 493.09,
        "temperature": 24.77,
        "humidity": 73.14
      },
      "bme280": {
        "temperature": 25.2,
        "humidity": 75.0,
        "pressure": 1011.64
      },
      "mq135": {
        "analog_value": 111.21,
        "digital_value": 0
      }
    },
    "system_info": {
      "battery_level": 90,
      "sampling_interval": 3600
    }
  }
}