{
  "sensor_data": {
    "metadata": {
      "device_id": "UPS-SENSOR-001",
      "location": "Laboratorio de Ciencias",
      "timestamp": "2025-12-07T18:30:02",
      "latitude": -2.171,
      "longitude": -79.9218
    },
    "readings": {
      "scd30": {
        "co2": 309.39,
        "temperature": 28.26,
        "humidity": 67.13
      },
      "bme280": {
        "temperature": 28.75,
        "humidity": 67.96,
        "pressure": 1011.0
      },
      "mq135": {
        "analog_value": 54.64,
        "digital_value": 0
      }
    },
    "system_info": {
      "battery_level": 87,
      "sampling_interval": 3600
    }
  }
}