{
  "sensor_data": {
    "metadata": {
      "device_id": "UPS-SENSOR-005",
      "location": "Área Deportiva",
      "timestamp": "2025-12-04T20:15:20",
      "latitude": -2.172,
      "longitude": -79.922
    },
    "readings": {
      "scd30": {
        "co2": 1143.2,
        "temperature": 32.26,
        "humidity": 57.71
      },
      "bme280": {
        "temperature": 32.38,
        "humidity": 58.05,
        "pressure": 1014.45
      },
      "mq135": {
        "analog_value": 114.43,
        "digital_value": 1
      }
    },
    "system_info": {
      "battery_level": 95,
      "sampling_interval": 3600
    }
  }
}