{
  "sensor_data": {
    "metadata": {
      "device_id": "UPS-SENSOR-002",
      "location": "Auditorio Central",
      "timestamp": "2025-12-10T16:45:17",
      "latitude": -2.1703,
      "longitude": -79.9227
    },
    "readings": {
      "scd30": {
        "co2": 1299.15,
        "temperature": 32.07,
        "humidity": 72.53
      },
      "bme280": {
        "temperature": 32.19,
        "humidity": 72.27,
        "pressure": 1014.22
      },
      "mq135": {
        "analog_value": 135.02,
        "digital_value": 1
      }
    },
    "system_info": {
      "battery_level": 92,
      "sampling_interval": 3600
    }
  }
}