{
  "sensor_data": {
    "metadata": {
      "device_id": "UPS-SENSOR-002",
      "location": "Laboratorio de Ciencias",
      "timestamp": "2025-12-07T15:30:11",
      "latitude": -2.171,
      "longitude": -79.9218
    },
    "readings": {
      "scd30": {
        "co2": 564.99,
        "temperature": 28.09,
        "humidity": 69.53
      },
      "bme280": {
        "temperature": 27.8,
        "humidity": 68.62,
        "pressure": 1011.44
      },
      "mq135": {
        "analog_value": 122.43,
        "digital_value": 0
      }
    },
    "system_info": {
      "battery_level": 95,
      "sampling_interval": 3600
    }
  }
}