{
  "sensor_data": {
    "metadata": {
      "device_id": "UPS-SENSOR-004",
      "location": "Estacionamiento Norte",
      "timestamp": "2025-12-01T03:30:51",
      "latitude": -2.1715,
      "longitude": -79.9215
    },
    "readings": {
      "scd30": {
        "co2": 397.14,
        "temperature": 24.75,
        "humidity": 72.14
      },
      "bme280": {
        "temperature": 25.0,
        "humidity": 70.99,
        "pressure": 1013.42
      },
      "mq135": {
        "analog_value": 91.24,
        "digital_value": 0
      }
    },
    "system_info": {
      "battery_level": 94,
      "sampling_interval": 3600
    }
  }
}