{
  "sensor_data": {
    "metadata": {
      "device_id": "UPS-SENSOR-004",
      "location": "Cafetería Principal",
      "timestamp": "2025-12-06T19:30:29",
      "latitude": -2.1705,
      "longitude": -79.9223
    },
    "readings": {
      "scd30": {
        "co2": 1882.57,
        "temperature": 35.81,
        "humidity": 66.29
      },
      "bme280": {
        "temperature": 35.76,
        "humidity": 65.61,
        "pressure": 1014.55
      },
      "mq135": {
        "analog_value": 253.35,
        "digital_value": 1
      }
    },
    "system_info": {
      "battery_level": 96,
      "sampling_interval": 3600
    }
  }
}