{
  "sensor_data": {
    "metadata": {
      "device_id": "UPS-SENSOR-002",
      "location": "Estacionamiento Norte",
      "timestamp": "2025-12-06T04:30:08",
      "latitude": -2.1715,
      "longitude": -79.9215
    },
    "readings": {
      "scd30": {
        "co2": 356.74,
        "temperature": 24.93,
        "humidity": 70.05
      },
      "bme280": {
        "temperature": 24.65,
        "humidity": 70.37,
        "pressure": 1014.59
      },
      "mq135": {
        "analog_value": 87.06,
        "digital_value": 0
      }
    },
    "system_info": {
      "battery_level": 94,
      "sampling_interval": 3600
    }
  }
}