{
  "sensor_data": {
    "metadata": {
      "device_id": "UPS-SENSOR-003",
      "location": "Biblioteca Central",
      "timestamp": "2025-12-02T09:30:16",
      "latitude": -2.1708,
      "longitude": -79.9225
    },
    "readings": {
      "scd30": {
        "co2": 1449.75,
        "temperature": 24.75,
        "humidity": 89.14
      },
      "bme280": {
        "temperature": 24.74,
        "humidity": 90.22,
        "pressure": 1014.82
      },
      "mq135": {
        "analog_value": 154.52,
        "digital_value": 1
      }
    },
    "system_info": {
      "battery_level": 94,
      "sampling_interval": 3600
    }
  }
}