{
  "sensor_data": {
    "metadata": {
      "device_id": "UPS-SENSOR-002",
      "location": "Auditorio Central",
      "timestamp": "2025-12-03T18:15:13",
      "latitude": -2.1703,
      "longitude": -79.9227
    },
    "readings": {
      "scd30": {
        "co2": 805.56,
        "temperature": 29.52,
        "humidity": 72.15
      },
      "bme280": {
        "temperature": 29.81,
        "humidity": 71.53,
        "pressure": 1011.49
      },
      "mq135": {
        "analog_value": 133.08,
        "digital_value": 0
      }
    },
    "system_info": {
      "battery_level": 95,
      "sampling_interval": 3600
    }
  }
}