{
  "sensor_data": {
    "metadata": {
      "device_id": "UPS-SENSOR-005",
      "location": "Biblioteca Central",
      "timestamp": "2025-12-09T22:15:14",
      "latitude": -2.1708,
      "longitude": -79.9225
    },
    "readings": {
      "scd30": {
        "co2": 520.77,
        "temperature": 32.23,
        "humidity": 59.29
      },
      "bme280": {
        "temperature": 32.06,
        "humidity": 59.59,
        "pressure": 1015.08
      },
      "mq135": {
        "analog_value": 18.58,
        "digital_value": 0
      }
    },
    "system_info": {
      "battery_level": 96,
      "sampling_interval": 3600
    }
  }
}