{
  "sensor_data": {
    "metadata": {
      "device_id": "UPS-SENSOR-001",
      "location": "Cafetería Principal",
      "timestamp": "2025-12-09T22:00:55",
      "latitude": -2.1705,
      "longitude": -79.9223
    },
    "readings": {
      "scd30": {
        "co2": 845.27,
        "temperature": 30.73,
        "humidity": 64.07
      },
      "bme280": {
        "temperature": 30.5,
        "humidity": 64.65,
        "pressure": 1014.32
      },
      "mq135": {
        "analog_value": 172.95,
        "digital_value": 0
      }
    },
    "system_info": {
      "battery_level": 94,
      "sampling_interval": 3600
    }
  }
}