{
  "sensor_data": {
    "metadata": {
      "device_id": "UPS-SENSOR-003",
      "location": "Campus Centenario - UPS Guayaquil",
      "timestamp": "2025-12-09T21:45:07",
      "latitude": -2.170998,
      "longitude": -79.922356
    },
    "readings": {
      "scd30": {
        "co2": 592.79,
        "temperature": 29.64,
        "humidity": 74.66
      },
      "bme280": {
        "temperature": 29.24,
        "humidity": 76.53,
        "pressure": 1012.98
      },
      "mq135": {
        "analog_value": 95.67,
        "digital_value": 0
      }
    },
    "system_info": {
      "battery_level": 95,
      "sampling_interval": 3600
    }
  }
}