{
  "sensor_data": {
    "metadata": {
      "device_id": "UPS-SENSOR-004",
      "location": "Auditorio Central",
      "timestamp": "2025-12-09T08:00:22",
      "latitude": -2.1703,
      "longitude": -79.9227
    },
    "readings": {
      "scd30": {
        "co2": 638.07,
        "temperature": 21.97,
        "humidity": 87.62
      },
      "bme280": {
        "temperature": 21.83,
        "humidity": 88.04,
        "pressure": 1014.68
      },
      "mq135": {
        "analog_value": 33.58,
        "digital_value": 0
      }
    },
    "system_info": {
      "battery_level": 93,
      "sampling_interval": 3600
    }
  }
}