{
  "sensor_data": {
    "metadata": {
      "device_id": "UPS-SENSOR-004",
      "location": "Laboratorio de Ciencias",
      "timestamp": "2025-12-02T06:45:14",
      "latitude": -2.171,
      "longitude": -79.9218
    },
    "readings": {
      "scd30": {
        "co2": 1048.84,
        "temperature": 27.01,
        "humidity": 78.91
      },
      "bme280": {
        "temperature": 27.48,
        "humidity": 79.66,
        "pressure": 1011.58
      },
      "mq135": {
        "analog_value": 241.06,
        "digital_value": 1
      }
    },
    "system_info": {
      "battery_level": 95,
      "sampling_interval": 3600
    }
  }
}