{
  "sensor_data": {
    "metadata": {
      "device_id": "UPS-SENSOR-003",
      "location": "Área Deportiva",
      "timestamp": "2025-12-03T09:45:24",
      "latitude": -2.172,
      "longitude": -79.922
    },
    "readings": {
      "scd30": {
        "co2": 1331.23,
        "temperature": 28.81,
        "humidity": 75.59
      },
      "bme280": {
        "temperature": 28.91,
        "humidity": 76.19,
        "pressure": 1014.89
      },
      "mq135": {
        "analog_value": 266.58,
        "digital_value": 1
      }
    },
    "system_info": {
      "battery_level": 88,
      "sampling_interval": 3600
    }
  }
}