{
  "sensor_data": {
    "metadata": {
      "device_id": "UPS-SENSOR-002",
      "location": "Cafetería Principal",
      "timestamp": "2025-12-04T20:00:33",
      "latitude": -2.1705,
      "longitude": -79.9223
    },
    "readings": {
      "scd30": {
        "co2": 665.95,
        "temperature": 32.12,
        "humidity": 66.17
      },
      "bme280": {
        "temperature": 32.13,
        "humidity": 67.15,
        "pressure": 1013.82
      },
      "mq135": {
        "analog_value": 53.9,
        "digital_value": 0
      }
    },
    "system_info": {
      "battery_level": 93,
      "sampling_interval": 3600
    }
  }
}