{
  "sensor_data": {
    "metadata": {
      "device_id": "UPS-SENSOR-004",
      "location": "Estacionamiento Norte",
      "timestamp": "2025-12-09T23:45:16",
      "latitude": -2.1715,
      "longitude": -79.9215
    },
    "readings": {
      "scd30": {
        "co2": 847.55,
        "temperature": 31.36,
        "humidity": 69.84
      },
      "bme280": {
        "temperature": 31.03,
        "humidity": 69.8,
        "pressure": 1012.4
      },
      "mq135": {
        "analog_value": 135.56,
        "digital_value": 0
      }
    },
    "system_info": {
      "battery_level": 93,
      "sampling_interval": 3600
    }
  }
}