{
  "sensor_data": {
    "metadata": {
      "device_id": "UPS-SENSOR-002",
      "location": "Biblioteca Central",
      "timestamp": "2025-12-02T17:30:04",
      "latitude": -2.1708,
      "longitude": -79.9225
    },
    "readings": {
      "scd30": {
        "co2": 778.37,
        "temperature": 29.23,
        "humidity": 65.6
      },
      "bme280": {
        "temperature": 29.06,
        "humidity": 66.86,
        "pressure": 1013.08
      },
      "mq135": {
        "analog_value": 123.28,
        "digital_value": 0
      }
    },
    "system_info": {
      "battery_level": 89,
      "sampling_interval": 3600
    }
  }
}