{
  "sensor_data": {
    "metadata": {
      "device_id": "UPS-SENSOR-002",
      "location": "Edificio de Ingeniería - Piso 3",
      "timestamp": "2025-12-10T08:45:54",
      "latitude": -2.1712,
      "longitude": -79.9221
    },
    "readings": {
      "scd30": {
        "co2": 868.42,
        "temperature": 27.38,
        "humidity": 64.37
      },
      "bme280": {
        "temperature": 27.85,
        "humidity": 65.11,
        "pressure": 1014.34
      },
      "mq135": {
        "analog_value": 206.95,
        "digital_value": 0
      }
    },
    "system_info": {
      "battery_level": 89,
      "sampling_interval": 3600
    }
  }
}