{
  "sensor_data": {
    "metadata": {
      "device_id": "UPS-SENSOR-004",
      "location": "Biblioteca Central",
      "timestamp": "2025-12-02T05:15:08",
      "latitude": -2.1708,
      "longitude": -79.9225
    },
    "readings": {
      "scd30": {
        "co2": 994.36,
        "temperature": 26.2,
        "humidity": 68.46
      },
      "bme280": {
        "temperature": 26.66,
        "humidity": 69.37,
        "pressure": 1010.25
      },
      "mq135": {
        "analog_value": 180.41,
        "digital_value": 0
      }
    },
    "system_info": {
      "battery_level": 90,
      "sampling_interval": 3600
    }
  }
}