{
  "sensor_data": {
    "metadata": {
      "device_id": "UPS-SENSOR-002",
      "location": "Laboratorio de Ciencias",
      "timestamp": "2025-12-06T04:45:55",
      "latitude": -2.171,
      "longitude": -79.9218
    },
    "readings": {
      "scd30": {
        "co2": 329.27,
        "temperature": 24.85,
        "humidity": 73.78
      },
      "bme280": {
        "temperature": 25.18,
        "humidity": 74.43,
        "pressure": 1011.01
      },
      "mq135": {
        "analog_value": 80.91,
        "digital_value": 0
      }
    },
    "system_info": {
      "battery_level": 95,
      "sampling_interval": 3600
    }
  }
}