{
  "sensor_data": {
    "metadata": {
      "device_id": "UPS-SENSOR-001",
      "location": "Edificio de Ingeniería - Piso 3",
      "timestamp": "2025-12-04T07:00:48",
      "latitude": -2.1712,
      "longitude": -79.9221
    },
    "readings": {
      "scd30": {
        "co2": 681.07,
        "temperature": 26.53,
        "humidity": 77.25
      },
      "bme280": {
        "temperature": 26.31,
        "humidity": 75.44,
        "pressure": 1010.37
      },
      "mq135": {
        "analog_value": 149.07,
        "digital_value": 0
      }
    },
    "system_info": {
      "battery_level": 95,
      "sampling_interval": 3600
    }
  }
}