{
  "sensor_data": {
    "metadata": {
      "device_id": "UPS-SENSOR-003",
      "location": "Estacionamiento Norte",
      "timestamp": "2025-12-08T14:45:31",
      "latitude": -2.1715,
      "longitude": -79.9215
    },
    "readings": {
      "scd30": {
        "co2": 1742.47,
        "temperature": 30.55,
        "humidity": 60.11
      },
      "bme280": {
        "temperature": 30.46,
        "humidity": 61.47,
        "pressure": 1010.33
      },
      "mq135": {
        "analog_value": 275.07,
        "digital_value": 1
      }
    },
    "system_info": {
      "battery_level": 93,
      "sampling_interval": 3600
    }
  }
}