{
  "sensor_data": {
    "metadata": {
      "device_id": "UPS-SENSOR-004",
      "location": "Cafetería Principal",
      "timestamp": "2025-12-08T08:00:58",
      "latitude": -2.1705,
      "longitude": -79.9223
    },
    "readings": {
      "scd30": {
        "co2": 673.62,
        "temperature": 26.58,
        "humidity": 80.6
      },
      "bme280": {
        "temperature": 26.52,
        "humidity": 81.25,
        "pressure": 1010.58
      },
      "mq135": {
        "analog_value": 125.31,
        "digital_value": 0
      }
    },
    "system_info": {
      "battery_level": 95,
      "sampling_interval": 3600
    }
  }
}