{
  "sensor_data": {
    "metadata": {
      "device_id": "UPS-SENSOR-002",
      "location": "Campus Centenario - UPS Guayaquil",
      "timestamp": "2025-12-08T08:30:57",
      "latitude": -2.170998,
      "longitude": -79.922356
    },
    "readings": {
      "scd30": {
        "co2": 1570.83,
        "temperature": 28.49,
        "humidity": 83.77
      },
      "bme280": {
        "temperature": 28.45,
        "humidity": 83.28,
        "pressure": 1013.4
      },
      "mq135": {
        "analog_value": 258.7,
        "digital_value": 1
      }
    },
    "system_info": {
      "battery_level": 89,
      "sampling_interval": 3600
    }
  }
}