{
  "sensor_data": {
    "metadata": {
      "device_id": "UPS-SENSOR-003",
      "location": "Cafetería Principal",
      "timestamp": "2025-12-02T08:45:53",
      "latitude": -2.1705,
      "longitude": -79.9223
    },
    "readings": {
      "scd30": {
        "co2": 592.93,
        "temperature": 26.36,
        "humidity": 68.9
      },
      "bme280": {
        "temperature": 26.29,
        "humidity": 68.42,
        "pressure": 1014.6
      },
      "mq135": {
        "analog_value": 93.19,
        "digital_value": 0
      }
    },
    "system_info": {
      "battery_level": 91,
      "sampling_interval": 3600
    }
  }
}