{
  "sensor_data": {
    "metadata": {
      "device_id": "UPS-SENSOR-003",
      "location": "Laboratorio de Ciencias",
      "timestamp": "2025-12-08T09:45:01",
      "latitude": -2.171,
      "longitude": -79.9218
    },
    "readings": {
      "scd30": {
        "co2": 1115.47,
        "temperature": 28.65,
        "humidity": 66.28
      },
      "bme280": {
        "temperature": 28.17,
        "humidity": 67.2,
        "pressure": 1010.46
      },
      "mq135": {
        "analog_value": 249.85,
        "digital_value": 1
      }
    },
    "system_info": {
      "battery_level": 87,
      "sampling_interval": 3600
    }
  }
}