{
  "sensor_data": {
    "metadata": {
      "device_id": "UPS-SENSOR-005",
      "location": "Auditorio Central",
      "timestamp": "2025-12-02T11:30:52",
      "latitude": -2.1703,
      "longitude": -79.9227
    },
    "readings": {
      "scd30": {
        "co2": 912.97,
        "temperature": 26.04,
        "humidity": 93.49
      },
      "bme280": {
        "temperature": 25.97,
        "humidity": 94.86,
        "pressure": 1014.52
      },
      "mq135": {
        "analog_value": 80.45,
        "digital_value": 0
      }
    },
    "system_info": {
      "battery_level": 95,
      "sampling_interval": 3600
    }
  }
}