{
  "sensor_data": {
    "metadata": {
      "device_id": "UPS-SENSOR-002",
      "location": "Biblioteca Central",
      "timestamp": "2025-12-08T18:15:55",
      "latitude": -2.1708,
      "longitude": -79.9225
    },
    "readings": {
      "scd30": {
        "co2": 1070.47,
        "temperature": 35.37,
        "humidity": 62.36
      },
      "bme280": {
        "temperature": 35.08,
        "humidity": 62.33,
        "pressure": 1013.78
      },
      "mq135": {
        "analog_value": 103.61,
        "digital_value": 1
      }
    },
    "system_info": {
      "battery_level": 95,
      "sampling_interval": 3600
    }
  }
}