{
  "sensor_data": {
    "metadata": {
      "device_id": "UPS-SENSOR-002",
      "location": "Edificio de Ingeniería - Piso 3",
      "timestamp": "2025-12-07T19:30:14",
      "latitude": -2.1712,
      "longitude": -79.9221
    },
    "readings": {
      "scd30": {
        "co2": 1422.13,
        "temperature": 31.37,
        "humidity": 64.44
      },
      "bme280": {
        "temperature": 31.47,
        "humidity": 66.37,
        "pressure": 1012.44
      },
      "mq135": {
        "analog_value": 222.33,
        "digital_value": 1
      }
    },
    "system_info": {
      "battery_level": 90,
      "sampling_interval": 3600
    }
  }
}