{
  "sensor_data": {
    "metadata": {
      "device_id": "UPS-SENSOR-003",
      "location": "Biblioteca Central",
      "timestamp": "2025-12-03T09:30:45",
      "latitude": -2.1708,
      "longitude": -79.9225
    },
    "readings": {
      "scd30": {
        "co2": 1541.32,
        "temperature": 28.2,
        "humidity": 81.14
      },
      "bme280": {
        "temperature": 28.27,
        "humidity": 82.78,
        "pressure": 1012.14
      },
      "mq135": {
        "analog_value": 307.74,
        "digital_value": 1
      }
    },
    "system_info": {
      "battery_level": 91,
      "sampling_interval": 3600
    }
  }
}