{
  "sensor_data": {
    "metadata": {
      "device_id": "UPS-SENSOR-004",
      "location": "Biblioteca Central",
      "timestamp": "2025-12-10T07:00:11",
      "latitude": -2.1708,
      "longitude": -79.9225
    },
    "readings": {
      "scd30": {
        "co2": 950.54,
        "temperature": 23.6,
        "humidity": 90.09
      },
      "bme280": {
        "temperature": 23.4,
        "humidity": 89.02,
        "pressure": 1014.98
      },
      "mq135": {
        "analog_value": 112.79,
        "digital_value": 1
      }
    },
    "system_info": {
      "battery_level": 94,
      "sampling_interval": 3600
    }
  }
}