{
  "sensor_data": {
    "metadata": {
      "device_id": "UPS-SENSOR-004",
      "location": "Biblioteca Central",
      "timestamp": "2025-12-05T23:45:40",
      "latitude": -2.1708,
      "longitude": -79.9225
    },
    "readings": {
      "scd30": {
        "co2": 575.74,
        "temperature": 30.38,
        "humidity": 72.81
      },
      "bme280": {
        "temperature": 29.93,
        "humidity": 74.25,
        "pressure": 1010.4
      },
      "mq135": {
        "analog_value": 139.06,
        "digital_value": 0
      }
    },
    "system_info": {
      "battery_level": 95,
      "sampling_interval": 3600
    }
  }
}