{
  "sensor_data": {
    "metadata": {
      "device_id": "UPS-SENSOR-004",
      "location": "Biblioteca Central",
      "timestamp": "2025-12-05T13:00:09",
      "latitude": -2.1708,
      "longitude": -79.9225
    },
    "readings": {
      "scd30": {
        "co2": 681.56,
        "temperature": 27.63,
        "humidity": 63.07
      },
      "bme280": {
        "temperature": 27.19,
        "humidity": 62.57,
        "pressure": 1014.39
      },
      "mq135": {
        "analog_value": 128.79,
        "digital_value": 0
      }
    },
    "system_info": {
      "battery_level": 92,
      "sampling_interval": 3600
    }
  }
}