{
  "sensor_data": {
    "metadata": {
      "device_id": "UPS-SENSOR-002",
      "location": "Laboratorio de Ciencias",
      "timestamp": "2025-12-01T09:45:50",
      "latitude": -2.171,
      "longitude": -79.9218
    },
    "readings": {
      "scd30": {
        "co2": 764.46,
        "temperature": 27.07,
        "humidity": 85.3
      },
      "bme280": {
        "temperature": 27.04,
        "humidity": 83.38,
        "pressure": 1013.75
      },
      "mq135": {
        "analog_value": 169.96,
        "digital_value": 0
      }
    },
    "system_info": {
      "battery_level": 91,
      "sampling_interval": 3600
    }
  }
}