{
  "sensor_data": {
    "metadata": {
      "device_id": "UPS-SENSOR-004",
      "location": "Campus Centenario - UPS Guayaquil",
      "timestamp": "2025-12-04T21:45:50",
      "latitude": -2.170998,
      "longitude": -79.922356
    },
    "readings": {
      "scd30": {
        "co2": 1142.15,
        "temperature": 30.87,
        "humidity": 68.32
      },
      "bme280": {
        "temperature": 31.21,
        "humidity": 66.95,
        "pressure": 1010.23
      },
      "mq135": {
        "analog_value": 223.61,
        "digital_value": 1
      }
    },
    "system_info": {
      "battery_level": 93,
      "sampling_interval": 3600
    }
  }
}