{
  "sensor_data": {
    "metadata": {
      "device_id": "UPS-SENSOR-002",
      "location": "Edificio de Ingeniería - Piso 3",
      "timestamp": "2025-12-05T17:00:43",
      "latitude": -2.1712,
      "longitude": -79.9221
    },
    "readings": {
      "scd30": {
        "co2": 1240.51,
        "temperature": 32.6,
        "humidity": 70.99
      },
      "bme280": {
        "temperature": 32.73,
        "humidity": 69.94,
        "pressure": 1015.45
      },
      "mq135": {
        "analog_value": 130.19,
        "digital_value": 1
      }
    },
    "system_info": {
      "battery_level": 94,
      "sampling_interval": 3600
    }
  }
}