{
  "sensor_data": {
    "metadata": {
      "device_id": "UPS-SENSOR-003",
      "location": "Área Deportiva",
      "timestamp": "2025-12-11T06:45:58",
      "latitude": -2.172,
      "longitude": -79.922
    },
    "readings": {
      "scd30": {
        "co2": 1201.15,
        "temperature": 28.46,
        "humidity": 72.03
      },
      "bme280": {
        "temperature": 28.76,
        "humidity": 72.65,
        "pressure": 1012.17
      },
      "mq135": {
        "analog_value": 182.06,
        "digital_value": 1
      }
    },
    "system_info": {
      "battery_level": 85,
      "sampling_interval": 3600
    }
  }
}