{
  "sensor_data": {
    "metadata": {
      "device_id": "UPS-SENSOR-005",
      "location": "Área Deportiva",
      "timestamp": "2025-12-02T13:45:36",
      "latitude": -2.172,
      "longitude": -79.922
    },
    "readings": {
      "scd30": {
        "co2": 952.67,
        "temperature": 23.48,
        "humidity": 82.87
      },
      "bme280": {
        "temperature": 23.27,
        "humidity": 82.67,
        "pressure": 1013.1
      },
      "mq135": {
        "analog_value": 79.18,
        "digital_value": 0
      }
    },
    "system_info": {
      "battery_level": 95,
      "sampling_interval": 3600
    }
  }
}