{
  "sensor_data": {
    "metadata": {
      "device_id": "UPS-SENSOR-002",
      "location": "Biblioteca Central",
      "timestamp": "2025-12-03T18:45:12",
      "latitude": -2.1708,
      "longitude": -79.9225
    },
    "readings": {
      "scd30": {
        "co2": 666.52,
        "temperature": 29.02,
        "humidity": 60.15
      },
      "bme280": {
        "temperature": 28.72,
        "humidity": 61.43,
        "pressure": 1011.55
      },
      "mq135": {
        "analog_value": 118.52,
        "digital_value": 0
      }
    },
    "system_info": {
      "battery_level": 94,
      "sampling_interval": 3600
    }
  }
}