{
  "sensor_data": {
    "metadata": {
      "device_id": "UPS-SENSOR-001",
      "location": "Campus Centenario - UPS Guayaquil",
      "timestamp": "2025-12-07T11:45:21",
      "latitude": -2.170998,
      "longitude": -79.922356
    },
    "readings": {
      "scd30": {
        "co2": 367.94,
        "temperature": 20.31,
        "humidity": 89.1
      },
      "bme280": {
        "temperature": 20.54,
        "humidity": 89.41,
        "pressure": 1015.21
      },
      "mq135": {
        "analog_value": 0,
        "digital_value": 0
      }
    },
    "system_info": {
      "battery_level": 93,
      "sampling_interval": 3600
    }
  }
}