{
  "sensor_data": {
    "metadata": {
      "device_id": "UPS-SENSOR-002",
      "location": "Cafetería Principal",
      "timestamp": "2025-12-03T18:30:51",
      "latitude": -2.1705,
      "longitude": -79.9223
    },
    "readings": {
      "scd30": {
        "co2": 670.26,
        "temperature": 29.12,
        "humidity": 61.24
      },
      "bme280": {
        "temperature": 29.59,
        "humidity": 61.12,
        "pressure": 1012.13
      },
      "mq135": {
        "analog_value": 107.67,
        "digital_value": 0
      }
    },
    "system_info": {
      "battery_level": 95,
      "sampling_interval": 3600
    }
  }
}