{
  "sensor_data": {
    "metadata": {
      "device_id": "UPS-SENSOR-003",
      "location": "Edificio de Ingeniería - Piso 3",
      "timestamp": "2025-12-08T08:15:06",
      "latitude": -2.1712,
      "longitude": -79.9221
    },
    "readings": {
      "scd30": {
        "co2": 618.04,
        "temperature": 26.67,
        "humidity": 81.5
      },
      "bme280": {
        "temperature": 26.8,
        "humidity": 82.18,
        "pressure": 1014.37
      },
      "mq135": {
        "analog_value": 97.93,
        "digital_value": 0
      }
    },
    "system_info": {
      "battery_level": 87,
      "sampling_interval": 3600
    }
  }
}