{
  "sensor_data": {
    "metadata": {
      "device_id": "UPS-SENSOR-003",
      "location": "Cafetería Principal",
      "timestamp": "2025-12-06T17:00:44",
      "latitude": -2.1705,
      "longitude": -79.9223
    },
    "readings": {
      "scd30": {
        "co2": 557.13,
        "temperature": 28.62,
        "humidity": 62.89
      },
      "bme280": {
        "temperature": 28.2,
        "humidity": 61.38,
        "pressure": 1013.61
      },
      "mq135": {
        "analog_value": 85.12,
        "digital_value": 0
      }
    },
    "system_info": {
      "battery_level": 87,
      "sampling_interval": 3600
    }
  }
}