{
  "sensor_data": {
    "metadata": {
      "device_id": "UPS-SENSOR-005",
      "location": "Cafetería Principal",
      "timestamp": "2025-12-05T01:00:20",
      "latitude": -2.1705,
      "longitude": -79.9223
    },
    "readings": {
      "scd30": {
        "co2": 479.74,
        "temperature": 24.54,
        "humidity": 57.33
      },
      "bme280": {
        "temperature": 24.81,
        "humidity": 56.14,
        "pressure": 1011.21
      },
      "mq135": {
        "analog_value": 103.93,
        "digital_value": 0
      }
    },
    "system_info": {
      "battery_level": 91,
      "sampling_interval": 3600
    }
  }
}