{
  "sensor_data": {
    "metadata": {
      "device_id": "UPS-SENSOR-001",
      "location": "Estacionamiento Norte",
      "timestamp": "2025-12-06T21:30:42",
      "latitude": -2.1715,
      "longitude": -79.9215
    },
    "readings": {
      "scd30": {
        "co2": 491.46,
        "temperature": 29.59,
        "humidity": 73.75
      },
      "bme280": {
        "temperature": 29.63,
        "humidity": 72.28,
        "pressure": 1014.98
      },
      "mq135": {
        "analog_value": 88.37,
        "digital_value": 0
      }
    },
    "system_info": {
      "battery_level": 94,
      "sampling_interval": 3600
    }
  }
}