{
  "sensor_data": {
    "metadata": {
      "device_id": "UPS-SENSOR-004",
      "location": "Estacionamiento Norte",
      "timestamp": "2025-12-06T07:30:31",
      "latitude": -2.1715,
      "longitude": -79.9215
    },
    "readings": {
      "scd30": {
        "co2": 448.63,
        "temperature": 25.92,
        "humidity": 72.17
      },
      "bme280": {
        "temperature": 25.83,
        "humidity": 73.58,
        "pressure": 1010.55
      },
      "mq135": {
        "analog_value": 83.79,
        "digital_value": 0
      }
    },
    "system_info": {
      "battery_level": 95,
      "sampling_interval": 3600
    }
  }
}