{
  "sensor_data": {
    "metadata": {
      "device_id": "UPS-SENSOR-003",
      "location": "Edificio de Ingeniería - Piso 3",
      "timestamp": "2025-12-06T07:00:24",
      "latitude": -2.1712,
      "longitude": -79.9221
    },
    "readings": {
      "scd30": {
        "co2": 460.29,
        "temperature": 25.97,
        "humidity": 71.45
      },
      "bme280": {
        "temperature": 26.46,
        "humidity": 69.89,
        "pressure": 1014.03
      },
      "mq135": {
        "analog_value": 92.44,
        "digital_value": 0
      }
    },
    "system_info": {
      "battery_level": 88,
      "sampling_interval": 3600
    }
  }
}