{
  "sensor_data": {
    "metadata": {
      "device_id": "UPS-SENSOR-004",
      "location": "Laboratorio de Ciencias",
      "timestamp": "2025-12-08T18:15:17",
      "latitude": -2.171,
      "longitude": -79.9218
    },
    "readings": {
      "scd30": {
        "co2": 1298.86,
        "temperature": 30.63,
        "humidity": 73.8
      },
      "bme280": {
        "temperature": 30.97,
        "humidity": 74.31,
        "pressure": 1012.49
      },
      "mq135": {
        "analog_value": 283.32,
        "digital_value": 1
      }
    },
    "system_info": {
      "battery_level": 94,
      "sampling_interval": 3600
    }
  }
}