{
  "sensor_data": {
    "metadata": {
      "device_id": "UPS-SENSOR-001",
      "location": "Biblioteca Central",
      "timestamp": "2025-12-08T22:30:04",
      "latitude": -2.1708,
      "longitude": -79.9225
    },
    "readings": {
      "scd30": {
        "co2": 716.95,
        "temperature": 30.61,
        "humidity": 70.68
      },
      "bme280": {
        "temperature": 30.67,
        "humidity": 68.91,
        "pressure": 1012.36
      },
      "mq135": {
        "analog_value": 178.33,
        "digital_value": 0
      }
    },
    "system_info": {
      "battery_level": 87,
      "sampling_interval": 3600
    }
  }
}