{
  "sensor_data": {
    "metadata": {
      "device_id": "UPS-SENSOR-004",
      "location": "Campus Centenario - UPS Guayaquil",
      "timestamp": "2025-12-11T06:30:09",
      "latitude": -2.170998,
      "longitude": -79.922356
    },
    "readings": {
      "scd30": {
        "co2": 720.75,
        "temperature": 20.72,
        "humidity": 85.78
      },
      "bme280": {
        "temperature": 20.81,
        "humidity": 86.89,
        "pressure": 1015.23
      },
      "mq135": {
        "analog_value": 49.38,
        "digital_value": 0
      }
    },
    "system_info": {
      "battery_level": 93,
      "sampling_interval": 3600
    }
  }
}