{
  "sensor_data": {
    "metadata": {
      "device_id": "UPS-SENSOR-004",
      "location": "Laboratorio de Ciencias",
      "timestamp": "2025-12-05T16:45:46",
      "latitude": -2.171,
      "longitude": -79.9218
    },
    "readings": {
      "scd30": {
        "co2": 1187.24,
        "temperature": 31.27,
        "humidity": 77.96
      },
      "bme280": {
        "temperature": 31.06,
        "humidity": 77.07,
        "pressure": 1013.69
      },
      "mq135": {
        "analog_value": 116.32,
        "digital_value": 1
      }
    },
    "system_info": {
      "battery_level": 97,
      "sampling_interval": 3600
    }
  }
}