{
  "sensor_data": {
    "metadata": {
      "device_id": "UPS-SENSOR-004",
      "location": "Auditorio Central",
      "timestamp": "2025-12-05T14:00:56",
      "latitude": -2.1703,
      "longitude": -79.9227
    },
    "readings": {
      "scd30": {
        "co2": 1625.98,
        "temperature": 31.82,
        "humidity": 70.8
      },
      "bme280": {
        "temperature": 31.73,
        "humidity": 70.12,
        "pressure": 1010.09
      },
      "mq135": {
        "analog_value": 305.12,
        "digital_value": 1
      }
    },
    "system_info": {
      "battery_level": 95,
      "sampling_interval": 3600
    }
  }
}