{
  "sensor_data": {
    "metadata": {
      "device_id": "UPS-SENSOR-002",
      "location": "Laboratorio de Ciencias",
      "timestamp": "2025-12-06T12:00:18",
      "latitude": -2.171,
      "longitude": -79.9218
    },
    "readings": {
      "scd30": {
        "co2": 1180.78,
        "temperature": 26.31,
        "humidity": 95.0
      },
      "bme280": {
        "temperature": 26.11,
        "humidity": 96.09,
        "pressure": 1015.53
      },
      "mq135": {
        "analog_value": 115.88,
        "digital_value": 1
      }
    },
    "system_info": {
      "battery_level": 94,
      "sampling_interval": 3600
    }
  }
}