{
  "sensor_data": {
    "metadata": {
      "device_id": "UPS-SENSOR-004",
      "location": "Auditorio Central",
      "timestamp": "2025-12-07T06:30:38",
      "latitude": -2.1703,
      "longitude": -79.9227
    },
    "readings": {
      "scd30": {
        "co2": 957.49,
        "temperature": 27.05,
        "humidity": 83.4
      },
      "bme280": {
        "temperature": 26.9,
        "humidity": 83.87,
        "pressure": 1011.47
      },
      "mq135": {
        "analog_value": 167.22,
        "digital_value": 0
      }
    },
    "system_info": {
      "battery_level": 89,
      "sampling_interval": 3600
    }
  }
}