{
  "sensor_data": {
    "metadata": {
      "device_id": "UPS-SENSOR-004",
      "location": "Auditorio Central",
      "timestamp": "2025-12-06T16:15:07",
      "latitude": -2.1703,
      "longitude": -79.9227
    },
    "readings": {
      "scd30": {
        "co2": 849.88,
        "temperature": 28.84,
        "humidity": 69.0
      },
      "bme280": {
        "temperature": 29.28,
        "humidity": 67.87,
        "pressure": 1010.26
      },
      "mq135": {
        "analog_value": 185.49,
        "digital_value": 0
      }
    },
    "system_info": {
      "battery_level": 95,
      "sampling_interval": 3600
    }
  }
}