{
  "sensor_data": {
    "metadata": {
      "device_id": "UPS-SENSOR-002",
      "location": "Auditorio Central",
      "timestamp": "2025-12-10T05:30:55",
      "latitude": -2.1703,
      "longitude": -79.9227
    },
    "readings": {
      "scd30": {
        "co2": 333.27,
        "temperature": 25.02,
        "humidity": 68.75
      },
      "bme280": {
        "temperature": 25.11,
        "humidity": 66.93,
        "pressure": 1012.63
      },
      "mq135": {
        "analog_value": 75.44,
        "digital_value": 0
      }
    },
    "system_info": {
      "battery_level": 88,
      "sampling_interval": 3600
    }
  }
}