{
  "sensor_data": {
    "metadata": {
      "device_id": "UPS-SENSOR-003",
      "location": "Biblioteca Central",
      "timestamp": "2025-12-07T10:45:05",
      "latitude": -2.1708,
      "longitude": -79.9225
    },
    "readings": {
      "scd30": {
        "co2": 927.84,
        "temperature": 22.74,
        "humidity": 88.16
      },
      "bme280": {
        "temperature": 22.67,
        "humidity": 88.08,
        "pressure": 1015.4
      },
      "mq135": {
        "analog_value": 81.62,
        "digital_value": 0
      }
    },
    "system_info": {
      "battery_level": 95,
      "sampling_interval": 3600
    }
  }
}