{
  "sensor_data": {
    "metadata": {
      "device_id": "UPS-SENSOR-002",
      "location": "Laboratorio de Ciencias",
      "timestamp": "2025-12-04T05:00:58",
      "latitude": -2.171,
      "longitude": -79.9218
    },
    "readings": {
      "scd30": {
        "co2": 890.06,
        "temperature": 27.06,
        "humidity": 68.85
      },
      "bme280": {
        "temperature": 27.15,
        "humidity": 68.48,
        "pressure": 1013.67
      },
      "mq135": {
        "analog_value": 208.73,
        "digital_value": 0
      }
    },
    "system_info": {
      "battery_level": 95,
      "sampling_interval": 3600
    }
  }
}