{
  "sensor_data": {
    "metadata": {
      "device_id": "UPS-SENSOR-002",
      "location": "Área Deportiva",
      "timestamp": "2025-12-09T08:15:30",
      "latitude": -2.172,
      "longitude": -79.922
    },
    "readings": {
      "scd30": {
        "co2": 715.33,
        "temperature": 27.18,
        "humidity": 84.63
      },
      "bme280": {
        "temperature": 27.57,
        "humidity": 85.44,
        "pressure": 1013.85
      },
      "mq135": {
        "analog_value": 149.66,
        "digital_value": 0
      }
    },
    "system_info": {
      "battery_level": 85,
      "sampling_interval": 3600
    }
  }
}