{
  "sensor_data": {
    "metadata": {
      "device_id": "UPS-SENSOR-004",
      "location": "Estacionamiento Norte",
      "timestamp": "2025-12-03T14:15:38",
      "latitude": -2.1715,
      "longitude": -79.9215
    },
    "readings": {
      "scd30": {
        "co2": 1566.16,
        "temperature": 26.08,
        "humidity": 80.38
      },
      "bme280": {
        "temperature": 26.35,
        "humidity": 79.9,
        "pressure": 1014.8
      },
      "mq135": {
        "analog_value": 176.92,
        "digital_value": 1
      }
    },
    "system_info": {
      "battery_level": 95,
      "sampling_interval": 3600
    }
  }
}