{
  "sensor_data": {
    "metadata": {
      "device_id": "UPS-SENSOR-002",
      "location": "Laboratorio de Ciencias",
      "timestamp": "2025-12-09T19:30:17",
      "latitude": -2.171,
      "longitude": -79.9218
    },
    "readings": {
      "scd30": {
        "co2": 1378.99,
        "temperature": 33.82,
        "humidity": 66.14
      },
      "bme280": {
        "temperature": 33.93,
        "humidity": 67.07,
        "pressure": 1015.5
      },
      "mq135": {
        "analog_value": 186.13,
        "digital_value": 1
      }
    },
    "system_info": {
      "battery_level": 96,
      "sampling_interval": 3600
    }
  }
}