{
  "sensor_data": {
    "metadata": {
      "device_id": "UPS-SENSOR-003",
      "location": "Cafetería Principal",
      "timestamp": "2025-12-06T11:15:44",
      "latitude": -2.1705,
      "longitude": -79.9223
    },
    "readings": {
      "scd30": {
        "co2": 782.71,
        "temperature": 24.77,
        "humidity": 95.0
      },
      "bme280": {
        "temperature": 25.03,
        "humidity": 95.07,
        "pressure": 1016.23
      },
      "mq135": {
        "analog_value": 56.55,
        "digital_value": 0
      }
    },
    "system_info": {
      "battery_level": 100,
      "sampling_interval": 3600
    }
  }
}