{
  "sensor_data": {
    "metadata": {
      "device_id": "UPS-SENSOR-004",
      "location": "Cafetería Principal",
      "timestamp": "2025-12-04T15:00:17",
      "latitude": -2.1705,
      "longitude": -79.9223
    },
    "readings": {
      "scd30": {
        "co2": 2353.22,
        "temperature": 32.72,
        "humidity": 83.15
      },
      "bme280": {
        "temperature": 32.65,
        "humidity": 83.57,
        "pressure": 1013.83
      },
      "mq135": {
        "analog_value": 295.79,
        "digital_value": 1
      }
    },
    "system_info": {
      "battery_level": 98,
      "sampling_interval": 3600
    }
  }
}