{
  "sensor_data": {
    "metadata": {
      "device_id": "UPS-SENSOR-005",
      "location": "Área Deportiva",
      "timestamp": "2025-12-08T16:45:51",
      "latitude": -2.172,
      "longitude": -79.922
    },
    "readings": {
      "scd30": {
        "co2": 877.98,
        "temperature": 29.84,
        "humidity": 76.97
      },
      "bme280": {
        "temperature": 29.79,
        "humidity": 77.39,
        "pressure": 1014.0
      },
      "mq135": {
        "analog_value": 70.97,
        "digital_value": 0
      }
    },
    "system_info": {
      "battery_level": 96,
      "sampling_interval": 3600
    }
  }
}