{
  "sensor_data": {
    "metadata": {
      "device_id": "UPS-SENSOR-003",
      "location": "Área Deportiva",
      "timestamp": "2025-12-01T03:00:47",
      "latitude": -2.172,
      "longitude": -79.922
    },
    "readings": {
      "scd30": {
        "co2": 787.82,
        "temperature": 25.86,
        "humidity": 70.94
      },
      "bme280": {
        "temperature": 26.06,
        "humidity": 72.32,
        "pressure": 1011.44
      },
      "mq135": {
        "analog_value": 159.54,
        "digital_value": 0
      }
    },
    "system_info": {
      "battery_level": 90,
      "sampling_interval": 3600
    }
  }
}