{
  "sensor_data": {
    "metadata": {
      "device_id": "UPS-SENSOR-002",
      "location": "Edificio de Ingeniería - Piso 3",
      "timestamp": "2025-12-01T17:30:42",
      "latitude": -2.1712,
      "longitude": -79.9221
    },
    "readings": {
      "scd30": {
        "co2": 1443.92,
        "temperature": 33.6,
        "humidity": 72.67
      },
      "bme280": {
        "temperature": 33.32,
        "humidity": 73.54,
        "pressure": 1013.65
      },
      "mq135": {
        "analog_value": 198.25,
        "digital_value": 1
      }
    },
    "system_info": {
      "battery_level": 98,
      "sampling_interval": 3600
    }
  }
}