{
  "sensor_data": {
    "metadata": {
      "device_id": "UPS-SENSOR-002",
      "location": "Biblioteca Central",
      "timestamp": "2025-12-03T15:15:12",
      "latitude": -2.1708,
      "longitude": -79.9225
    },
    "readings": {
      "scd30": {
        "co2": 1338.08,
        "temperature": 32.26,
        "humidity": 80.84
      },
      "bme280": {
        "temperature": 32.53,
        "humidity": 81.93,
        "pressure": 1013.76
      },
      "mq135": {
        "analog_value": 141.91,
        "digital_value": 1
      }
    },
    "system_info": {
      "battery_level": 94,
      "sampling_interval": 3600
    }
  }
}