{
  "sensor_data": {
    "metadata": {
      "device_id": "UPS-SENSOR-002",
      "location": "Edificio de Ingeniería - Piso 3",
      "timestamp": "2025-12-05T09:00:19",
      "latitude": -2.1712,
      "longitude": -79.9221
    },
    "readings": {
      "scd30": {
        "co2": 836.12,
        "temperature": 27.16,
        "humidity": 67.28
      },
      "bme280": {
        "temperature": 27.11,
        "humidity": 67.35,
        "pressure": 1011.63
      },
      "mq135": {
        "analog_value": 181.97,
        "digital_value": 0
      }
    },
    "system_info": {
      "battery_level": 93,
      "sampling_interval": 3600
    }
  }
}