{
  "sensor_data": {
    "metadata": {
      "device_id": "UPS-SENSOR-003",
      "location": "Auditorio Central",
      "timestamp": "2025-12-11T06:30:22",
      "latitude": -2.1703,
      "longitude": -79.9227
    },
    "readings": {
      "scd30": {
        "co2": 557.39,
        "temperature": 22.05,
        "humidity": 88.31
      },
      "bme280": {
        "temperature": 21.99,
        "humidity": 89.77,
        "pressure": 1015.5
      },
      "mq135": {
        "analog_value": 24.83,
        "digital_value": 0
      }
    },
    "system_info": {
      "battery_level": 94,
      "sampling_interval": 3600
    }
  }
}