{
  "sensor_data": {
    "metadata": {
      "device_id": "UPS-SENSOR-004",
      "location": "Campus Centenario - UPS Guayaquil",
      "timestamp": "2025-12-02T12:30:43",
      "latitude": -2.170998,
      "longitude": -79.922356
    },
    "readings": {
      "scd30": {
        "co2": 655.72,
        "temperature": 27.59,
        "humidity": 56.36
      },
      "bme280": {
        "temperature": 27.82,
        "humidity": 55.4,
        "pressure": 1014.25
      },
      "mq135": {
        "analog_value": 147.75,
        "digital_value": 0
      }
    },
    "system_info": {
      "battery_level": 89,
      "sampling_interval": 3600
    }
  }
}