{
  "sensor_data": {
    "metadata": {
      "device_id": "UPS-SENSOR-001",
      "location": "Auditorio Central",
      "timestamp": "2025-12-01T15:30:25",
      "latitude": -2.1703,
      "longitude": -79.9227
    },
    "readings": {
      "scd30": {
        "co2": 1957.72,
        "temperature": 33.49,
        "humidity": 74.75
      },
      "bme280": {
        "temperature": 33.35,
        "humidity": 74.69,
        "pressure": 1013.72
      },
      "mq135": {
        "analog_value": 392.06,
        "digital_value": 1
      }
    },
    "system_info": {
      "battery_level": 92,
      "sampling_interval": 3600
    }
  }
}