{
  "sensor_data": {
    "metadata": {
      "device_id": "UPS-SENSOR-003",
      "location": "Laboratorio de Ciencias",
      "timestamp": "2025-12-04T07:00:29",
      "latitude": -2.171,
      "longitude": -79.9218
    },
    "readings": {
      "scd30": {
        "co2": 959.8,
        "temperature": 26.8,
        "humidity": 70.33
      },
      "bme280": {
        "temperature": 26.93,
        "humidity": 68.34,
        "pressure": 1014.75
      },
      "mq135": {
        "analog_value": 231.2,
        "digital_value": 0
      }
    },
    "system_info": {
      "battery_level": 92,
      "sampling_interval": 3600
    }
  }
}