{
  "sensor_data": {
    "metadata": {
      "device_id": "UPS-SENSOR-004",
      "location": "Edificio de Ingeniería - Piso 3",
      "timestamp": "2025-12-01T12:15:23",
      "latitude": -2.1712,
      "longitude": -79.9221
    },
    "readings": {
      "scd30": {
        "co2": 1462.99,
        "temperature": 30.08,
        "humidity": 57.66
      },
      "bme280": {
        "temperature": 30.2,
        "humidity": 58.64,
        "pressure": 1011.82
      },
      "mq135": {
        "analog_value": 341.79,
        "digital_value": 1
      }
    },
    "system_info": {
      "battery_level": 91,
      "sampling_interval": 3600
    }
  }
}