{
  "sensor_data": {
    "metadata": {
      "device_id": "UPS-SENSOR-005",
      "location": "Edificio de Ingeniería - Piso 3",
      "timestamp": "2025-12-03T18:15:47",
      "latitude": -2.1712,
      "longitude": -79.9221
    },
    "readings": {
      "scd30": {
        "co2": 910.36,
        "temperature": 29.66,
        "humidity": 59.88
      },
      "bme280": {
        "temperature": 29.54,
        "humidity": 60.72,
        "pressure": 1010.67
      },
      "mq135": {
        "analog_value": 150.59,
        "digital_value": 0
      }
    },
    "system_info": {
      "battery_level": 95,
      "sampling_interval": 3600
    }
  }
}