{
  "sensor_data": {
    "metadata": {
      "device_id": "UPS-SENSOR-001",
      "location": "Edificio de Ingeniería - Piso 3",
      "timestamp": "2025-12-06T04:15:15",
      "latitude": -2.1712,
      "longitude": -79.9221
    },
    "readings": {
      "scd30": {
        "co2": 348.06,
        "temperature": 24.92,
        "humidity": 66.36
      },
      "bme280": {
        "temperature": 24.43,
        "humidity": 65.07,
        "pressure": 1010.03
      },
      "mq135": {
        "analog_value": 83.52,
        "digital_value": 0
      }
    },
    "system_info": {
      "battery_level": 95,
      "sampling_interval": 3600
    }
  }
}