{
  "sensor_data": {
    "metadata": {
      "device_id": "UPS-SENSOR-004",
      "location": "Edificio de Ingeniería - Piso 3",
      "timestamp": "2025-12-08T11:45:00",
      "latitude": -2.1712,
      "longitude": -79.9221
    },
    "readings": {
      "scd30": {
        "co2": 598.99,
        "temperature": 27.42,
        "humidity": 74.03
      },
      "bme280": {
        "temperature": 27.31,
        "humidity": 72.92,
        "pressure": 1015.0
      },
      "mq135": {
        "analog_value": 108.79,
        "digital_value": 0
      }
    },
    "system_info": {
      "battery_level": 94,
      "sampling_interval": 3600
    }
  }
}