{
  "sensor_data": {
    "metadata": {
      "device_id": "UPS-SENSOR-003",
      "location": "Laboratorio de Ciencias",
      "timestamp": "2025-12-02T12:15:58",
      "latitude": -2.171,
      "longitude": -79.9218
    },
    "readings": {
      "scd30": {
        "co2": 818.92,
        "temperature": 27.79,
        "humidity": 69.63
      },
      "bme280": {
        "temperature": 27.91,
        "humidity": 68.13,
        "pressure": 1011.16
      },
      "mq135": {
        "analog_value": 150.22,
        "digital_value": 0
      }
    },
    "system_info": {
      "battery_level": 92,
      "sampling_interval": 3600
    }
  }
}