{
  "sensor_data": {
    "metadata": {
      "device_id": "UPS-SENSOR-002",
      "location": "Cafetería Principal",
      "timestamp": "2025-12-02T22:30:12",
      "latitude": -2.1705,
      "longitude": -79.9223
    },
    "readings": {
      "scd30": {
        "co2": 1134.47,
        "temperature": 30.83,
        "humidity": 73.43
      },
      "bme280": {
        "temperature": 30.33,
        "humidity": 73.29,
        "pressure": 1014.36
      },
      "mq135": {
        "analog_value": 206.9,
        "digital_value": 1
      }
    },
    "system_info": {
      "battery_level": 92,
      "sampling_interval": 3600
    }
  }
}