{
  "sensor_data": {
    "metadata": {
      "device_id": "UPS-SENSOR-005",
      "location": "Cafetería Principal",
      "timestamp": "2025-12-01T17:00:17",
      "latitude": -2.1705,
      "longitude": -79.9223
    },
    "readings": {
      "scd30": {
        "co2": 1219.18,
        "temperature": 33.48,
        "humidity": 75.87
      },
      "bme280": {
        "temperature": 33.51,
        "humidity": 75.42,
        "pressure": 1013.93
      },
      "mq135": {
        "analog_value": 123.21,
        "digital_value": 1
      }
    },
    "system_info": {
      "battery_level": 97,
      "sampling_interval": 3600
    }
  }
}