{
  "sensor_data": {
    "metadata": {
      "device_id": "UPS-SENSOR-004",
      "location": "Laboratorio de Ciencias",
      "timestamp": "2025-12-04T18:45:20",
      "latitude": -2.171,
      "longitude": -79.9218
    },
    "readings": {
      "scd30": {
        "co2": 989.37,
        "temperature": 32.23,
        "humidity": 73.4
      },
      "bme280": {
        "temperature": 32.16,
        "humidity": 73.47,
        "pressure": 1014.04
      },
      "mq135": {
        "analog_value": 88.92,
        "digital_value": 0
      }
    },
    "system_info": {
      "battery_level": 98,
      "sampling_interval": 3600
    }
  }
}