{
  "sensor_data": {
    "metadata": {
      "device_id": "UPS-SENSOR-004",
      "location": "Laboratorio de Ciencias",
      "timestamp": "2025-12-01T06:00:20",
      "latitude": -2.171,
      "longitude": -79.9218
    },
    "readings": {
      "scd30": {
        "co2": 1119.06,
        "temperature": 26.98,
        "humidity": 78.21
      },
      "bme280": {
        "temperature": 26.77,
        "humidity": 79.99,
        "pressure": 1010.58
      },
      "mq135": {
        "analog_value": 265.09,
        "digital_value": 1
      }
    },
    "system_info": {
      "battery_level": 95,
      "sampling_interval": 3600
    }
  }
}