{
  "sensor_data": {
    "metadata": {
      "device_id": "UPS-SENSOR-002",
      "location": "Estacionamiento Norte",
      "timestamp": "2025-12-04T05:30:39",
      "latitude": -2.1715,
      "longitude": -79.9215
    },
    "readings": {
      "scd30": {
        "co2": 739.74,
        "temperature": 26.01,
        "humidity": 64.93
      },
      "bme280": {
        "temperature": 26.33,
        "humidity": 66.92,
        "pressure": 1012.93
      },
      "mq135": {
        "analog_value": 124.71,
        "digital_value": 0
      }
    },
    "system_info": {
      "battery_level": 90,
      "sampling_interval": 3600
    }
  }
}