{
  "sensor_data": {
    "metadata": {
      "device_id": "UPS-SENSOR-001",
      "location": "Campus Centenario - UPS Guayaquil",
      "timestamp": "2025-12-01T06:00:04",
      "latitude": -2.170998,
      "longitude": -79.922356
    },
    "readings": {
      "scd30": {
        "co2": 898.28,
        "temperature": 20.92,
        "humidity": 88.2
      },
      "bme280": {
        "temperature": 21.03,
        "humidity": 88.02,
        "pressure": 1013.6
      },
      "mq135": {
        "analog_value": 79.74,
        "digital_value": 0
      }
    },
    "system_info": {
      "battery_level": 99,
      "sampling_interval": 3600
    }
  }
}