{
  "sensor_data": {
    "metadata": {
      "device_id": "UPS-SENSOR-003",
      "location": "Biblioteca Central",
      "timestamp": "2025-12-06T14:00:16",
      "latitude": -2.1708,
      "longitude": -79.9225
    },
    "readings": {
      "scd30": {
        "co2": 683.11,
        "temperature": 28.3,
        "humidity": 66.67
      },
      "bme280": {
        "temperature": 28.12,
        "humidity": 65.5,
        "pressure": 1011.28
      },
      "mq135": {
        "analog_value": 132.14,
        "digital_value": 0
      }
    },
    "system_info": {
      "battery_level": 92,
      "sampling_interval": 3600
    }
  }
}