{
  "sensor_data": {
    "metadata": {
      "device_id": "UPS-SENSOR-001",
      "location": "Laboratorio de Ciencias",
      "timestamp": "2025-12-02T16:30:18",
      "latitude": -2.171,
      "longitude": -79.9218
    },
    "readings": {
      "scd30": {
        "co2": 1213.18,
        "temperature": 29.87,
        "humidity": 71.01
      },
      "bme280": {
        "temperature": 30.04,
        "humidity": 69.09,
        "pressure": 1010.19
      },
      "mq135": {
        "analog_value": 227.9,
        "digital_value": 1
      }
    },
    "system_info": {
      "battery_level": 92,
      "sampling_interval": 3600
    }
  }
}