{
  "sensor_data": {
    "metadata": {
      "device_id": "UPS-SENSOR-004",
      "location": "Laboratorio de Ciencias",
      "timestamp": "2025-12-10T18:15:34",
      "latitude": -2.171,
      "longitude": -79.9218
    },
    "readings": {
      "scd30": {
        "co2": 1229.01,
        "temperature": 30.64,
        "humidity": 66.92
      },
      "bme280": {
        "temperature": 31.03,
        "humidity": 67.11,
        "pressure": 1014.89
      },
      "mq135": {
        "analog_value": 238.57,
        "digital_value": 1
      }
    },
    "system_info": {
      "battery_level": 91,
      "sampling_interval": 3600
    }
  }
}