{
  "sensor_data": {
    "metadata": {
      "device_id": "UPS-SENSOR-004",
      "location": "Cafetería Principal",
      "timestamp": "2025-12-01T15:15:30",
      "latitude": -2.1705,
      "longitude": -79.9223
    },
    "readings": {
      "scd30": {
        "co2": 2941.52,
        "temperature": 35.23,
        "humidity": 82.83
      },
      "bme280": {
        "temperature": 35.03,
        "humidity": 82.44,
        "pressure": 1014.09
      },
      "mq135": {
        "analog_value": 380.87,
        "digital_value": 1
      }
    },
    "system_info": {
      "battery_level": 100,
      "sampling_interval": 3600
    }
  }
}