{
  "sensor_data": {
    "metadata": {
      "device_id": "UPS-SENSOR-005",
      "location": "Laboratorio de Ciencias",
      "timestamp": "2025-12-10T17:30:10",
      "latitude": -2.171,
      "longitude": -79.9218
    },
    "readings": {
      "scd30": {
        "co2": 860.28,
        "temperature": 29.48,
        "humidity": 60.74
      },
      "bme280": {
        "temperature": 29.17,
        "humidity": 60.16,
        "pressure": 1011.99
      },
      "mq135": {
        "analog_value": 208.18,
        "digital_value": 0
      }
    },
    "system_info": {
      "battery_level": 92,
      "sampling_interval": 3600
    }
  }
}