{
  "sensor_data": {
    "metadata": {
      "device_id": "UPS-SENSOR-005",
      "location": "Laboratorio de Ciencias",
      "timestamp": "2025-12-05T22:45:35",
      "latitude": -2.171,
      "longitude": -79.9218
    },
    "readings": {
      "scd30": {
        "co2": 623.1,
        "temperature": 32.44,
        "humidity": 65.92
      },
      "bme280": {
        "temperature": 32.58,
        "humidity": 67.33,
        "pressure": 1015.21
      },
      "mq135": {
        "analog_value": 33.7,
        "digital_value": 0
      }
    },
    "system_info": {
      "battery_level": 99,
      "sampling_interval": 3600
    }
  }
}