{
  "sensor_data": {
    "metadata": {
      "device_id": "UPS-SENSOR-005",
      "location": "Área Deportiva",
      "timestamp": "2025-12-01T18:15:07",
      "latitude": -2.172,
      "longitude": -79.922
    },
    "readings": {
      "scd30": {
        "co2": 1190.84,
        "temperature": 29.7,
        "humidity": 62.63
      },
      "bme280": {
        "temperature": 29.79,
        "humidity": 62.64,
        "pressure": 1012.7
      },
      "mq135": {
        "analog_value": 121.51,
        "digital_value": 1
      }
    },
    "system_info": {
      "battery_level": 97,
      "sampling_interval": 3600
    }
  }
}