{
  "sensor_data": {
    "metadata": {
      "device_id": "UPS-SENSOR-004",
      "location": "Cafetería Principal",
      "timestamp": "2025-12-06T20:45:18",
      "latitude": -2.1705,
      "longitude": -79.9223
    },
    "readings": {
      "scd30": {
        "co2": 313.1,
        "temperature": 28.71,
        "humidity": 64.99
      },
      "bme280": {
        "temperature": 28.82,
        "humidity": 63.51,
        "pressure": 1010.98
      },
      "mq135": {
        "analog_value": 64.5,
        "digital_value": 0
      }
    },
    "system_info": {
      "battery_level": 92,
      "sampling_interval": 3600
    }
  }
}