{
  "sensor_data": {
    "metadata": {
      "device_id": "UPS-SENSOR-003",
      "location": "Cafetería Principal",
      "timestamp": "2025-12-07T09:00:02",
      "latitude": -2.1705,
      "longitude": -79.9223
    },
    "readings": {
      "scd30": {
        "co2": 505.37,
        "temperature": 26.56,
        "humidity": 73.67
      },
      "bme280": {
        "temperature": 26.46,
        "humidity": 73.39,
        "pressure": 1014.32
      },
      "mq135": {
        "analog_value": 91.17,
        "digital_value": 0
      }
    },
    "system_info": {
      "battery_level": 88,
      "sampling_interval": 3600
    }
  }
}