{
  "sensor_data": {
    "metadata": {
      "device_id": "UPS-SENSOR-003",
      "location": "Campus Centenario - UPS Guayaquil",
      "timestamp": "2025-12-02T17:15:01",
      "latitude": -2.170998,
      "longitude": -79.922356
    },
    "readings": {
      "scd30": {
        "co2": 1016.37,
        "temperature": 30.9,
        "humidity": 66.04
      },
      "bme280": {
        "temperature": 30.97,
        "humidity": 64.79,
        "pressure": 1014.11
      },
      "mq135": {
        "analog_value": 95.78,
        "digital_value": 1
      }
    },
    "system_info": {
      "battery_level": 98,
      "sampling_interval": 3600
    }
  }
}