{
  "sensor_data": {
    "metadata": {
      "device_id": "UPS-SENSOR-004",
      "location": "Área Deportiva",
      "timestamp": "2025-12-05T20:45:15",
      "latitude": -2.172,
      "longitude": -79.922
    },
    "readings": {
      "scd30": {
        "co2": 2293.6,
        "temperature": 32.66,
        "humidity": 74.55
      },
      "bme280": {
        "temperature": 32.91,
        "humidity": 73.01,
        "pressure": 1013.75
      },
      "mq135": {
        "analog_value": 480.9,
        "digital_value": 1
      }
    },
    "system_info": {
      "battery_level": 89,
      "sampling_interval": 3600
    }
  }
}