{
  "sensor_data": {
    "metadata": {
      "device_id": "UPS-SENSOR-003",
      "location": "Área Deportiva",
      "timestamp": "2025-12-04T18:30:34",
      "latitude": -2.172,
      "longitude": -79.922
    },
    "readings": {
      "scd30": {
        "co2": 972.73,
        "temperature": 29.44,
        "humidity": 70.73
      },
      "bme280": {
        "temperature": 29.73,
        "humidity": 71.74,
        "pressure": 1011.13
      },
      "mq135": {
        "analog_value": 145.97,
        "digital_value": 0
      }
    },
    "system_info": {
      "battery_level": 95,
      "sampling_interval": 3600
    }
  }
}