{
  "sensor_data": {
    "metadata": {
      "device_id": "UPS-SENSOR-002",
      "location": "Edificio de Ingeniería - Piso 3",
      "timestamp": "2025-12-09T21:15:32",
      "latitude": -2.1712,
      "longitude": -79.9221
    },
    "readings": {
      "scd30": {
        "co2": 1395.24,
        "temperature": 34.28,
        "humidity": 61.17
      },
      "bme280": {
        "temperature": 34.24,
        "humidity": 62.35,
        "pressure": 1013.84
      },
      "mq135": {
        "analog_value": 153.35,
        "digital_value": 1
      }
    },
    "system_info": {
      "battery_level": 95,
      "sampling_interval": 3600
    }
  }
}