{
  "sensor_data": {
    "metadata": {
      "device_id": "UPS-SENSOR-004",
      "location": "Área Deportiva",
      "timestamp": "2025-12-02T07:00:36",
      "latitude": -2.172,
      "longitude": -79.922
    },
    "readings": {
      "scd30": {
        "co2": 503.18,
        "temperature": 19.81,
        "humidity": 93.13
      },
      "bme280": {
        "temperature": 19.77,
        "humidity": 93.94,
        "pressure": 1014.52
      },
      "mq135": {
        "analog_value": 15.44,
        "digital_value": 0
      }
    },
    "system_info": {
      "battery_level": 97,
      "sampling_interval": 3600
    }
  }
}