{
  "sensor_data": {
    "metadata": {
      "device_id": "UPS-SENSOR-005",
      "location": "Cafetería Principal",
      "timestamp": "2025-12-08T22:45:26",
      "latitude": -2.1705,
      "longitude": -79.9223
    },
    "readings": {
      "scd30": {
        "co2": 1131.81,
        "temperature": 31.0,
        "humidity": 74.36
      },
      "bme280": {
        "temperature": 30.86,
        "humidity": 75.09,
        "pressure": 1013.91
      },
      "mq135": {
        "analog_value": 184.63,
        "digital_value": 1
      }
    },
    "system_info": {
      "battery_level": 87,
      "sampling_interval": 3600
    }
  }
}