{
  "sensor_data": {
    "metadata": {
      "device_id": "UPS-SENSOR-004",
      "location": "Estacionamiento Norte",
      "timestamp": "2025-12-04T00:15:52",
      "latitude": -2.1715,
      "longitude": -79.9215
    },
    "readings": {
      "scd30": {
        "co2": 559.85,
        "temperature": 24.26,
        "humidity": 64.2
      },
      "bme280": {
        "temperature": 23.82,
        "humidity": 62.34,
        "pressure": 1010.61
      },
      "mq135": {
        "analog_value": 139.84,
        "digital_value": 0
      }
    },
    "system_info": {
      "battery_level": 93,
      "sampling_interval": 3600
    }
  }
}