{
  "sensor_data": {
    "metadata": {
      "device_id": "UPS-SENSOR-001",
      "location": "Estacionamiento Norte",
      "timestamp": "2025-12-02T09:00:32",
      "latitude": -2.1715,
      "longitude": -79.9215
    },
    "readings": {
      "scd30": {
        "co2": 878.22,
        "temperature": 21.34,
        "humidity": 88.27
      },
      "bme280": {
        "temperature": 21.32,
        "humidity": 88.28,
        "pressure": 1014.8
      },
      "mq135": {
        "analog_value": 69.25,
        "digital_value": 0
      }
    },
    "system_info": {
      "battery_level": 99,
      "sampling_interval": 3600
    }
  }
}