{
  "sensor_data": {
    "metadata": {
      "device_id": "UPS-SENSOR-003",
      "location": "Laboratorio de Ciencias",
      "timestamp": "2025-12-06T04:15:28",
      "latitude": -2.171,
      "longitude": -79.9218
    },
    "readings": {
      "scd30": {
        "co2": 383.63,
        "temperature": 24.94,
        "humidity": 69.19
      },
      "bme280": {
        "temperature": 25.14,
        "humidity": 68.53,
        "pressure": 1010.63
      },
      "mq135": {
        "analog_value": 76.72,
        "digital_value": 0
      }
    },
    "system_info": {
      "battery_level": 88,
      "sampling_interval": 3600
    }
  }
}