{
  "sensor_data": {
    "metadata": {
      "device_id": "UPS-SENSOR-004",
      "location": "Campus Centenario - UPS Guayaquil",
      "timestamp": "2025-12-08T03:00:55",
      "latitude": -2.170998,
      "longitude": -79.922356
    },
    "readings": {
      "scd30": {
        "co2": 467.7,
        "temperature": 24.94,
        "humidity": 57.92
      },
      "bme280": {
        "temperature": 24.65,
        "humidity": 55.97,
        "pressure": 1010.87
      },
      "mq135": {
        "analog_value": 113.07,
        "digital_value": 0
      }
    },
    "system_info": {
      "battery_level": 94,
      "sampling_interval": 3600
    }
  }
}