{
  "sensor_data": {
    "metadata": {
      "device_id": "UPS-SENSOR-005",
      "location": "Cafetería Principal",
      "timestamp": "2025-12-03T05:00:39",
      "latitude": -2.1705,
      "longitude": -79.9223
    },
    "readings": {
      "scd30": {
        "co2": 1161.04,
        "temperature": 26.59,
        "humidity": 56.99
      },
      "bme280": {
        "temperature": 26.76,
        "humidity": 57.35,
        "pressure": 1014.81
      },
      "mq135": {
        "analog_value": 216.33,
        "digital_value": 1
      }
    },
    "system_info": {
      "battery_level": 88,
      "sampling_interval": 3600
    }
  }
}