{
  "sensor_data": {
    "metadata": {
      "device_id": "UPS-SENSOR-004",
      "location": "Auditorio Central",
      "timestamp": "2025-12-04T16:30:17",
      "latitude": -2.1703,
      "longitude": -79.9227
    },
    "readings": {
      "scd30": {
        "co2": 531.73,
        "temperature": 29.57,
        "humidity": 71.5
      },
      "bme280": {
        "temperature": 29.4,
        "humidity": 72.29,
        "pressure": 1014.53
      },
      "mq135": {
        "analog_value": 19.95,
        "digital_value": 0
      }
    },
    "system_info": {
      "battery_level": 99,
      "sampling_interval": 3600
    }
  }
}