{
  "sensor_data": {
    "metadata": {
      "device_id": "UPS-SENSOR-003",
      "location": "Edificio de Ingeniería - Piso 3",
      "timestamp": "2025-12-09T10:15:33",
      "latitude": -2.1712,
      "longitude": -79.9221
    },
    "readings": {
      "scd30": {
        "co2": 697.34,
        "temperature": 27.42,
        "humidity": 75.87
      },
      "bme280": {
        "temperature": 27.17,
        "humidity": 77.51,
        "pressure": 1014.71
      },
      "mq135": {
        "analog_value": 155.85,
        "digital_value": 0
      }
    },
    "system_info": {
      "battery_level": 91,
      "sampling_interval": 3600
    }
  }
}