{
  "sensor_data": {
    "metadata": {
      "device_id": "UPS-SENSOR-002",
      "location": "Biblioteca Central",
      "timestamp": "2025-12-02T09:00:56",
      "latitude": -2.1708,
      "longitude": -79.9225
    },
    "readings": {
      "scd30": {
        "co2": 929.22,
        "temperature": 22.25,
        "humidity": 92.16
      },
      "bme280": {
        "temperature": 22.36,
        "humidity": 92.02,
        "pressure": 1015.29
      },
      "mq135": {
        "analog_value": 77.38,
        "digital_value": 0
      }
    },
    "system_info": {
      "battery_level": 95,
      "sampling_interval": 3600
    }
  }
}