{
  "sensor_data": {
    "metadata": {
      "device_id": "UPS-SENSOR-003",
      "location": "Estacionamiento Norte",
      "timestamp": "2025-12-07T03:30:40",
      "latitude": -2.1715,
      "longitude": -79.9215
    },
    "readings": {
      "scd30": {
        "co2": 495.52,
        "temperature": 25.0,
        "humidity": 73.07
      },
      "bme280": {
        "temperature": 25.46,
        "humidity": 71.69,
        "pressure": 1013.3
      },
      "mq135": {
        "analog_value": 81.42,
        "digital_value": 0
      }
    },
    "system_info": {
      "battery_level": 95,
      "sampling_interval": 3600
    }
  }
}