{
  "sensor_data": {
    "metadata": {
      "device_id": "UPS-SENSOR-003",
      "location": "Campus Centenario - UPS Guayaquil",
      "timestamp": "2025-12-01T18:45:51",
      "latitude": -2.170998,
      "longitude": -79.922356
    },
    "readings": {
      "scd30": {
        "co2": 686.8,
        "temperature": 29.48,
        "humidity": 68.42
      },
      "bme280": {
        "temperature": 29.23,
        "humidity": 68.97,
        "pressure": 1011.0
      },
      "mq135": {
        "analog_value": 123.27,
        "digital_value": 0
      }
    },
    "system_info": {
      "battery_level": 94,
      "sampling_interval": 3600
    }
  }
}