{
  "sensor_data": {
    "metadata": {
      "device_id": "UPS-SENSOR-005",
      "location": "Auditorio Central",
      "timestamp": "2025-12-10T11:30:06",
      "latitude": -2.1703,
      "longitude": -79.9227
    },
    "readings": {
      "scd30": {
        "co2": 474.78,
        "temperature": 26.93,
        "humidity": 80.75
      },
      "bme280": {
        "temperature": 26.66,
        "humidity": 79.0,
        "pressure": 1014.46
      },
      "mq135": {
        "analog_value": 104.01,
        "digital_value": 0
      }
    },
    "system_info": {
      "battery_level": 91,
      "sampling_interval": 3600
    }
  }
}