{
  "sensor_data": {
    "metadata": {
      "device_id": "UPS-SENSOR-004",
      "location": "Biblioteca Central",
      "timestamp": "2025-12-09T01:00:25",
      "latitude": -2.1708,
      "longitude": -79.9225
    },
    "readings": {
      "scd30": {
        "co2": 1489.09,
        "temperature": 27.12,
        "humidity": 66.89
      },
      "bme280": {
        "temperature": 27.46,
        "humidity": 66.37,
        "pressure": 1010.42
      },
      "mq135": {
        "analog_value": 264.51,
        "digital_value": 1
      }
    },
    "system_info": {
      "battery_level": 91,
      "sampling_interval": 3600
    }
  }
}