{
  "sensor_data": {
    "metadata": {
      "device_id": "UPS-SENSOR-003",
      "location": "Auditorio Central",
      "timestamp": "2025-12-08T21:45:48",
      "latitude": -2.1703,
      "longitude": -79.9227
    },
    "readings": {
      "scd30": {
        "co2": 419.35,
        "temperature": 32.14,
        "humidity": 53.98
      },
      "bme280": {
        "temperature": 32.38,
        "humidity": 54.33,
        "pressure": 1013.95
      },
      "mq135": {
        "analog_value": 3.87,
        "digital_value": 0
      }
    },
    "system_info": {
      "battery_level": 93,
      "sampling_interval": 3600
    }
  }
}