{
  "sensor_data": {
    "metadata": {
      "device_id": "UPS-SENSOR-001",
      "location": "Auditorio Central",
      "timestamp": "2025-12-05T08:45:49",
      "latitude": -2.1703,
      "longitude": -79.9227
    },
    "readings": {
      "scd30": {
        "co2": 997.6,
        "temperature": 24.4,
        "humidity": 88.7
      },
      "bme280": {
        "temperature": 24.2,
        "humidity": 89.23,
        "pressure": 1015.71
      },
      "mq135": {
        "analog_value": 90.58,
        "digital_value": 0
      }
    },
    "system_info": {
      "battery_level": 93,
      "sampling_interval": 3600
    }
  }
}