{
  "sensor_data": {
    "metadata": {
      "device_id": "UPS-SENSOR-003",
      "location": "Estacionamiento Norte",
      "timestamp": "2025-12-09T10:00:46",
      "latitude": -2.1715,
      "longitude": -79.9215
    },
    "readings": {
      "scd30": {
        "co2": 516.62,
        "temperature": 26.86,
        "humidity": 72.68
      },
      "bme280": {
        "temperature": 27.34,
        "humidity": 72.09,
        "pressure": 1012.24
      },
      "mq135": {
        "analog_value": 79.18,
        "digital_value": 0
      }
    },
    "system_info": {
      "battery_level": 92,
      "sampling_interval": 3600
    }
  }
}