{
  "sensor_data": {
    "metadata": {
      "device_id": "UPS-SENSOR-001",
      "location": "Auditorio Central",
      "timestamp": "2025-12-01T18:00:03",
      "latitude": -2.1703,
      "longitude": -79.9227
    },
    "readings": {
      "scd30": {
        "co2": 756.89,
        "temperature": 29.7,
        "humidity": 73.82
      },
      "bme280": {
        "temperature": 29.36,
        "humidity": 72.54,
        "pressure": 1011.79
      },
      "mq135": {
        "analog_value": 140.96,
        "digital_value": 0
      }
    },
    "system_info": {
      "battery_level": 91,
      "sampling_interval": 3600
    }
  }
}