{
  "sensor_data": {
    "metadata": {
      "device_id": "UPS-SENSOR-001",
      "location": "Estacionamiento Norte",
      "timestamp": "2025-12-05T20:15:40",
      "latitude": -2.1715,
      "longitude": -79.9215
    },
    "readings": {
      "scd30": {
        "co2": 736.35,
        "temperature": 29.29,
        "humidity": 60.08
      },
      "bme280": {
        "temperature": 29.28,
        "humidity": 58.59,
        "pressure": 1014.51
      },
      "mq135": {
        "analog_value": 51.53,
        "digital_value": 0
      }
    },
    "system_info": {
      "battery_level": 95,
      "sampling_interval": 3600
    }
  }
}