{
  "sensor_data": {
    "metadata": {
      "device_id": "UPS-SENSOR-003",
      "location": "Cafetería Principal",
      "timestamp": "2025-12-09T21:00:38",
      "latitude": -2.1705,
      "longitude": -79.9223
    },
    "readings": {
      "scd30": {
        "co2": 1256.34,
        "temperature": 31.95,
        "humidity": 61.59
      },
      "bme280": {
        "temperature": 32.05,
        "humidity": 61.57,
        "pressure": 1014.14
      },
      "mq135": {
        "analog_value": 282.58,
        "digital_value": 1
      }
    },
    "system_info": {
      "battery_level": 86,
      "sampling_interval": 3600
    }
  }
}