{
  "sensor_data": {
    "metadata": {
      "device_id": "UPS-SENSOR-002",
      "location": "Estacionamiento Norte",
      "timestamp": "2025-12-06T04:30:34",
      "latitude": -2.1715,
      "longitude": -79.9215
    },
    "readings": {
      "scd30": {
        "co2": 549.8,
        "temperature": 25.26,
        "humidity": 62.88
      },
      "bme280": {
        "temperature": 25.64,
        "humidity": 63.61,
        "pressure": 1013.74
      },
      "mq135": {
        "analog_value": 123.53,
        "digital_value": 0
      }
    },
    "system_info": {
      "battery_level": 95,
      "sampling_interval": 3600
    }
  }
}