{
  "sensor_data": {
    "metadata": {
      "device_id": "UPS-SENSOR-003",
      "location": "Biblioteca Central",
      "timestamp": "2025-12-07T07:30:15",
      "latitude": -2.1708,
      "longitude": -79.9225
    },
    "readings": {
      "scd30": {
        "co2": 297.16,
        "temperature": 25.61,
        "humidity": 85.36
      },
      "bme280": {
        "temperature": 25.29,
        "humidity": 85.32,
        "pressure": 1010.32
      },
      "mq135": {
        "analog_value": 48.99,
        "digital_value": 0
      }
    },
    "system_info": {
      "battery_level": 90,
      "sampling_interval": 3600
    }
  }
}