{
  "sensor_data": {
    "metadata": {
      "device_id": "UPS-SENSOR-004",
      "location": "Estacionamiento Norte",
      "timestamp": "2025-12-07T18:00:12",
      "latitude": -2.1715,
      "longitude": -79.9215
    },
    "readings": {
      "scd30": {
        "co2": 566.03,
        "temperature": 29.02,
        "humidity": 59.4
      },
      "bme280": {
        "temperature": 28.72,
        "humidity": 60.63,
        "pressure": 1013.89
      },
      "mq135": {
        "analog_value": 133.15,
        "digital_value": 0
      }
    },
    "system_info": {
      "battery_level": 95,
      "sampling_interval": 3600
    }
  }
}