{
  "sensor_data": {
    "metadata": {
      "device_id": "UPS-SENSOR-004",
      "location": "Cafetería Principal",
      "timestamp": "2025-12-04T06:45:44",
      "latitude": -2.1705,
      "longitude": -79.9223
    },
    "readings": {
      "scd30": {
        "co2": 1199.9,
        "temperature": 27.29,
        "humidity": 79.0
      },
      "bme280": {
        "temperature": 27.58,
        "humidity": 78.99,
        "pressure": 1010.52
      },
      "mq135": {
        "analog_value": 249.72,
        "digital_value": 1
      }
    },
    "system_info": {
      "battery_level": 89,
      "sampling_interval": 3600
    }
  }
}