{
  "sensor_data": {
    "metadata": {
      "device_id": "UPS-SENSOR-004",
      "location": "Campus Centenario - UPS Guayaquil",
      "timestamp": "2025-12-11T04:30:46",
      "latitude": -2.170998,
      "longitude": -79.922356
    },
    "readings": {
      "scd30": {
        "co2": 563.12,
        "temperature": 25.37,
        "humidity": 67.52
      },
      "bme280": {
        "temperature": 24.93,
        "humidity": 68.53,
        "pressure": 1010.73
      },
      "mq135": {
        "analog_value": 122.4,
        "digital_value": 0
      }
    },
    "system_info": {
      "battery_level": 91,
      "sampling_interval": 3600
    }
  }
}