{
  "sensor_data": {
    "metadata": {
      "device_id": "UPS-SENSOR-001",
      "location": "Área Deportiva",
      "timestamp": "2025-12-05T16:45:28",
      "latitude": -2.172,
      "longitude": -79.922
    },
    "readings": {
      "scd30": {
        "co2": 661.78,
        "temperature": 26.79,
        "humidity": 76.36
      },
      "bme280": {
        "temperature": 26.66,
        "humidity": 77.2,
        "pressure": 1014.72
      },
      "mq135": {
        "analog_value": 39.06,
        "digital_value": 0
      }
    },
    "system_info": {
      "battery_level": 94,
      "sampling_interval": 3600
    }
  }
}