{
  "sensor_data": {
    "metadata": {
      "device_id": "UPS-SENSOR-001",
      "location": "Laboratorio de Ciencias",
      "timestamp": "2025-12-05T03:30:01",
      "latitude": -2.171,
      "longitude": -79.9218
    },
    "readings": {
      "scd30": {
        "co2": 420.43,
        "temperature": 24.8,
        "humidity": 65.73
      },
      "bme280": {
        "temperature": 24.7,
        "humidity": 64.68,
        "pressure": 1014.03
      },
      "mq135": {
        "analog_value": 83.69,
        "digital_value": 0
      }
    },
    "system_info": {
      "battery_level": 90,
      "sampling_interval": 3600
    }
  }
}