{
  "sensor_data": {
    "metadata": {
      "device_id": "UPS-SENSOR-004",
      "location": "Área Deportiva",
      "timestamp": "2025-12-04T21:30:01",
      "latitude": -2.172,
      "longitude": -79.922
    },
    "readings": {
      "scd30": {
        "co2": 436.89,
        "temperature": 29.36,
        "humidity": 66.04
      },
      "bme280": {
        "temperature": 28.89,
        "humidity": 65.61,
        "pressure": 1010.49
      },
      "mq135": {
        "analog_value": 95.34,
        "digital_value": 0
      }
    },
    "system_info": {
      "battery_level": 90,
      "sampling_interval": 3600
    }
  }
}