{
  "sensor_data": {
    "metadata": {
      "device_id": "UPS-SENSOR-005",
      "location": "Biblioteca Central",
      "timestamp": "2025-12-08T04:00:26",
      "latitude": -2.1708,
      "longitude": -79.9225
    },
    "readings": {
      "scd30": {
        "co2": 656.29,
        "temperature": 25.88,
        "humidity": 72.6
      },
      "bme280": {
        "temperature": 25.75,
        "humidity": 72.52,
        "pressure": 1010.47
      },
      "mq135": {
        "analog_value": 98.74,
        "digital_value": 0
      }
    },
    "system_info": {
      "battery_level": 95,
      "sampling_interval": 3600
    }
  }
}