{
  "sensor_data": {
    "metadata": {
      "device_id": "UPS-SENSOR-004",
      "location": "Campus Centenario - UPS Guayaquil",
      "timestamp": "2025-12-01T16:15:01",
      "latitude": -2.170998,
      "longitude": -79.922356
    },
    "readings": {
      "scd30": {
        "co2": 1472.14,
        "temperature": 29.83,
        "humidity": 58.26
      },
      "bme280": {
        "temperature": 29.46,
        "humidity": 58.68,
        "pressure": 1014.83
      },
      "mq135": {
        "analog_value": 336.32,
        "digital_value": 1
      }
    },
    "system_info": {
      "battery_level": 95,
      "sampling_interval": 3600
    }
  }
}