{
  "sensor_data": {
    "metadata": {
      "device_id": "UPS-SENSOR-005",
      "location": "Cafetería Principal",
      "timestamp": "2025-12-01T07:15:30",
      "latitude": -2.1705,
      "longitude": -79.9223
    },
    "readings": {
      "scd30": {
        "co2": 644.14,
        "temperature": 26.23,
        "humidity": 69.04
      },
      "bme280": {
        "temperature": 26.12,
        "humidity": 69.01,
        "pressure": 1013.85
      },
      "mq135": {
        "analog_value": 101.38,
        "digital_value": 0
      }
    },
    "system_info": {
      "battery_level": 95,
      "sampling_interval": 3600
    }
  }
}