{
  "sensor_data": {
    "metadata": {
      "device_id": "UPS-SENSOR-003",
      "location": "Laboratorio de Ciencias",
      "timestamp": "2025-12-02T15:30:15",
      "latitude": -2.171,
      "longitude": -79.9218
    },
    "readings": {
      "scd30": {
        "co2": 826.61,
        "temperature": 28.98,
        "humidity": 57.91
      },
      "bme280": {
        "temperature": 28.82,
        "humidity": 56.97,
        "pressure": 1012.02
      },
      "mq135": {
        "analog_value": 195.44,
        "digital_value": 0
      }
    },
    "system_info": {
      "battery_level": 95,
      "sampling_interval": 3600
    }
  }
}