{
  "sensor_data": {
    "metadata": {
      "device_id": "UPS-SENSOR-001",
      "location": "Estacionamiento Norte",
      "timestamp": "2025-12-07T22:00:34",
      "latitude": -2.1715,
      "longitude": -79.9215
    },
    "readings": {
      "scd30": {
        "co2": 662.42,
        "temperature": 30.17,
        "humidity": 59.35
      },
      "bme280": {
        "temperature": 30.29,
        "humidity": 58.12,
        "pressure": 1010.75
      },
      "mq135": {
        "analog_value": 145.41,
        "digital_value": 0
      }
    },
    "system_info": {
      "battery_level": 95,
      "sampling_interval": 3600
    }
  }
}