{
  "sensor_data": {
    "metadata": {
      "device_id": "UPS-SENSOR-005",
      "location": "Área Deportiva",
      "timestamp": "2025-12-07T11:30:22",
      "latitude": -2.172,
      "longitude": -79.922
    },
    "readings": {
      "scd30": {
        "co2": 914.56,
        "temperature": 23.73,
        "humidity": 90.31
      },
      "bme280": {
        "temperature": 24.02,
        "humidity": 91.8,
        "pressure": 1015.56
      },
      "mq135": {
        "analog_value": 77.43,
        "digital_value": 0
      }
    },
    "system_info": {
      "battery_level": 97,
      "sampling_interval": 3600
    }
  }
}