{
  "sensor_data": {
    "metadata": {
      "device_id": "UPS-SENSOR-003",
      "location": "Biblioteca Central",
      "timestamp": "2025-12-08T22:15:25",
      "latitude": -2.1708,
      "longitude": -79.9225
    },
    "readings": {
      "scd30": {
        "co2": 945.23,
        "temperature": 33.67,
        "humidity": 61.13
      },
      "bme280": {
        "temperature": 33.85,
        "humidity": 60.21,
        "pressure": 1014.52
      },
      "mq135": {
        "analog_value": 82.15,
        "digital_value": 0
      }
    },
    "system_info": {
      "battery_level": 96,
      "sampling_interval": 3600
    }
  }
}