{
  "sensor_data": {
    "metadata": {
      "device_id": "UPS-SENSOR-003",
      "location": "Laboratorio de Ciencias",
      "timestamp": "2025-12-07T08:30:00",
      "latitude": -2.171,
      "longitude": -79.9218
    },
    "readings": {
      "scd30": {
        "co2": 468.95,
        "temperature": 26.11,
        "humidity": 89.03
      },
      "bme280": {
        "temperature": 25.84,
        "humidity": 90.64,
        "pressure": 1013.31
      },
      "mq135": {
        "analog_value": 116.02,
        "digital_value": 0
      }
    },
    "system_info": {
      "battery_level": 88,
      "sampling_interval": 3600
    }
  }
}