{
  "sensor_data": {
    "metadata": {
      "device_id": "UPS-SENSOR-003",
      "location": "Biblioteca Central",
      "timestamp": "2025-12-03T14:15:18",
      "latitude": -2.1708,
      "longitude": -79.9225
    },
    "readings": {
      "scd30": {
        "co2": 1061.95,
        "temperature": 29.8,
        "humidity": 64.94
      },
      "bme280": {
        "temperature": 29.41,
        "humidity": 66.77,
        "pressure": 1014.47
      },
      "mq135": {
        "analog_value": 238.96,
        "digital_value": 1
      }
    },
    "system_info": {
      "battery_level": 95,
      "sampling_interval": 3600
    }
  }
}