{
  "sensor_data": {
    "metadata": {
      "device_id": "UPS-SENSOR-001",
      "location": "Biblioteca Central",
      "timestamp": "2025-12-03T03:30:03",
      "latitude": -2.1708,
      "longitude": -79.9225
    },
    "readings": {
      "scd30": {
        "co2": 844.05,
        "temperature": 25.46,
        "humidity": 60.73
      },
      "bme280": {
        "temperature": 25.84,
        "humidity": 61.53,
        "pressure": 1011.33
      },
      "mq135": {
        "analog_value": 156.09,
        "digital_value": 0
      }
    },
    "system_info": {
      "battery_level": 88,
      "sampling_interval": 3600
    }
  }
}