{
  "sensor_data": {
    "metadata": {
      "device_id": "UPS-SENSOR-004",
      "location": "Biblioteca Central",
      "timestamp": "2025-12-04T14:30:39",
      "latitude": -2.1708,
      "longitude": -79.9225
    },
    "readings": {
      "scd30": {
        "co2": 1491.45,
        "temperature": 29.63,
        "humidity": 56.44
      },
      "bme280": {
        "temperature": 29.54,
        "humidity": 55.73,
        "pressure": 1012.64
      },
      "mq135": {
        "analog_value": 226.82,
        "digital_value": 1
      }
    },
    "system_info": {
      "battery_level": 94,
      "sampling_interval": 3600
    }
  }
}