{
  "sensor_data": {
    "metadata": {
      "device_id": "UPS-SENSOR-005",
      "location": "Edificio de Ingeniería - Piso 3",
      "timestamp": "2025-12-08T12:45:59",
      "latitude": -2.1712,
      "longitude": -79.9221
    },
    "readings": {
      "scd30": {
        "co2": 1661.04,
        "temperature": 29.53,
        "humidity": 65.35
      },
      "bme280": {
        "temperature": 29.15,
        "humidity": 63.53,
        "pressure": 1014.21
      },
      "mq135": {
        "analog_value": 249.77,
        "digital_value": 1
      }
    },
    "system_info": {
      "battery_level": 86,
      "sampling_interval": 3600
    }
  }
}