{
  "sensor_data": {
    "metadata": {
      "device_id": "UPS-SENSOR-005",
      "location": "Edificio de Ingeniería - Piso 3",
      "timestamp": "2025-12-10T09:30:28",
      "latitude": -2.1712,
      "longitude": -79.9221
    },
    "readings": {
      "scd30": {
        "co2": 761.52,
        "temperature": 27.08,
        "humidity": 85.6
      },
      "bme280": {
        "temperature": 27.21,
        "humidity": 85.55,
        "pressure": 1012.45
      },
      "mq135": {
        "analog_value": 155.55,
        "digital_value": 0
      }
    },
    "system_info": {
      "battery_level": 87,
      "sampling_interval": 3600
    }
  }
}