{
  "sensor_data": {
    "metadata": {
      "device_id": "UPS-SENSOR-003",
      "location": "Campus Centenario - UPS Guayaquil",
      "timestamp": "2025-12-09T08:00:41",
      "latitude": -2.170998,
      "longitude": -79.922356
    },
    "readings": {
      "scd30": {
        "co2": 935.47,
        "temperature": 27.02,
        "humidity": 78.52
      },
      "bme280": {
        "temperature": 27.22,
        "humidity": 78.48,
        "pressure": 1011.27
      },
      "mq135": {
        "analog_value": 148.92,
        "digital_value": 0
      }
    },
    "system_info": {
      "battery_level": 85,
      "sampling_interval": 3600
    }
  }
}