{
  "sensor_data": {
    "metadata": {
      "device_id": "UPS-SENSOR-002",
      "location": "Estacionamiento Norte",
      "timestamp": "2025-12-07T18:45:31",
      "latitude": -2.1715,
      "longitude": -79.9215
    },
    "readings": {
      "scd30": {
        "co2": 465.82,
        "temperature": 28.74,
        "humidity": 61.52
      },
      "bme280": {
        "temperature": 29.16,
        "humidity": 62.85,
        "pressure": 1012.39
      },
      "mq135": {
        "analog_value": 108.25,
        "digital_value": 0
      }
    },
    "system_info": {
      "battery_level": 92,
      "sampling_interval": 3600
    }
  }
}