{
  "sensor_data": {
    "metadata": {
      "device_id": "UPS-SENSOR-004",
      "location": "Auditorio Central",
      "timestamp": "2025-12-02T06:30:10",
      "latitude": -2.1703,
      "longitude": -79.9227
    },
    "readings": {
      "scd30": {
        "co2": 443.1,
        "temperature": 21.82,
        "humidity": 82.7
      },
      "bme280": {
        "temperature": 21.62,
        "humidity": 82.26,
        "pressure": 1014.49
      },
      "mq135": {
        "analog_value": 5.11,
        "digital_value": 0
      }
    },
    "system_info": {
      "battery_level": 96,
      "sampling_interval": 3600
    }
  }
}