{
  "sensor_data": {
    "metadata": {
      "device_id": "UPS-SENSOR-002",
      "location": "Auditorio Central",
      "timestamp": "2025-12-10T05:30:47",
      "latitude": -2.1703,
      "longitude": -79.9227
    },
    "readings": {
      "scd30": {
        "co2": 549.5,
        "temperature": 25.8,
        "humidity": 58.75
      },
      "bme280": {
        "temperature": 25.51,
        "humidity": 58.27,
        "pressure": 1012.6
      },
      "mq135": {
        "analog_value": 128.08,
        "digital_value": 0
      }
    },
    "system_info": {
      "battery_level": 93,
      "sampling_interval": 3600
    }
  }
}