{
  "sensor_data": {
    "metadata": {
      "device_id": "UPS-SENSOR-002",
      "location": "Área Deportiva",
      "timestamp": "2025-12-09T13:15:43",
      "latitude": -2.172,
      "longitude": -79.922
    },
    "readings": {
      "scd30": {
        "co2": 414.03,
        "temperature": 23.53,
        "humidity": 86.19
      },
      "bme280": {
        "temperature": 23.62,
        "humidity": 85.02,
        "pressure": 1014.45
      },
      "mq135": {
        "analog_value": 0,
        "digital_value": 0
      }
    },
    "system_info": {
      "battery_level": 93,
      "sampling_interval": 3600
    }
  }
}