{
  "sensor_data": {
    "metadata": {
      "device_id": "UPS-SENSOR-004",
      "location": "Laboratorio de Ciencias",
      "timestamp": "2025-12-08T14:45:54",
      "latitude": -2.171,
      "longitude": -79.9218
    },
    "readings": {
      "scd30": {
        "co2": 1062.98,
        "temperature": 29.46,
        "humidity": 60.07
      },
      "bme280": {
        "temperature": 29.7,
        "humidity": 60.52,
        "pressure": 1014.72
      },
      "mq135": {
        "analog_value": 230.21,
        "digital_value": 1
      }
    },
    "system_info": {
      "battery_level": 91,
      "sampling_interval": 3600
    }
  }
}