{
  "sensor_data": {
    "metadata": {
      "device_id": "UPS-SENSOR-002",
      "location": "Laboratorio de Ciencias",
      "timestamp": "2025-12-03T15:15:44",
      "latitude": -2.171,
      "longitude": -79.9218
    },
    "readings": {
      "scd30": {
        "co2": 1128.72,
        "temperature": 29.61,
        "humidity": 61.96
      },
      "bme280": {
        "temperature": 29.37,
        "humidity": 63.94,
        "pressure": 1014.47
      },
      "mq135": {
        "analog_value": 205.71,
        "digital_value": 1
      }
    },
    "system_info": {
      "battery_level": 94,
      "sampling_interval": 3600
    }
  }
}