{
  "sensor_data": {
    "metadata": {
      "device_id": "UPS-SENSOR-001",
      "location": "Campus Centenario - UPS Guayaquil",
      "timestamp": "2025-12-03T09:45:01",
      "latitude": -2.170998,
      "longitude": -79.922356
    },
    "readings": {
      "scd30": {
        "co2": 913.03,
        "temperature": 27.54,
        "humidity": 71.02
      },
      "bme280": {
        "temperature": 27.33,
        "humidity": 69.31,
        "pressure": 1011.73
      },
      "mq135": {
        "analog_value": 188.55,
        "digital_value": 0
      }
    },
    "system_info": {
      "battery_level": 94,
      "sampling_interval": 3600
    }
  }
}