{
  "sensor_data": {
    "metadata": {
      "device_id": "UPS-SENSOR-002",
      "location": "Campus Centenario - UPS Guayaquil",
      "timestamp": "2025-12-05T13:15:18",
      "latitude": -2.170998,
      "longitude": -79.922356
    },
    "readings": {
      "scd30": {
        "co2": 998.09,
        "temperature": 29.35,
        "humidity": 71.94
      },
      "bme280": {
        "temperature": 29.1,
        "humidity": 72.65,
        "pressure": 1014.52
      },
      "mq135": {
        "analog_value": 198.29,
        "digital_value": 0
      }
    },
    "system_info": {
      "battery_level": 95,
      "sampling_interval": 3600
    }
  }
}