{
  "sensor_data": {
    "metadata": {
      "device_id": "UPS-SENSOR-004",
      "location": "Biblioteca Central",
      "timestamp": "2025-12-04T07:00:55",
      "latitude": -2.1708,
      "longitude": -79.9225
    },
    "readings": {
      "scd30": {
        "co2": 770.23,
        "temperature": 27.0,
        "humidity": 74.23
      },
      "bme280": {
        "temperature": 27.33,
        "humidity": 72.79,
        "pressure": 1011.42
      },
      "mq135": {
        "analog_value": 175.12,
        "digital_value": 0
      }
    },
    "system_info": {
      "battery_level": 91,
      "sampling_interval": 3600
    }
  }
}