{
  "sensor_data": {
    "metadata": {
      "device_id": "UPS-SENSOR-001",
      "location": "Estacionamiento Norte",
      "timestamp": "2025-12-02T13:15:52",
      "latitude": -2.1715,
      "longitude": -79.9215
    },
    "readings": {
      "scd30": {
        "co2": 1471.32,
        "temperature": 28.9,
        "humidity": 58.36
      },
      "bme280": {
        "temperature": 28.71,
        "humidity": 58.38,
        "pressure": 1011.48
      },
      "mq135": {
        "analog_value": 297.45,
        "digital_value": 1
      }
    },
    "system_info": {
      "battery_level": 94,
      "sampling_interval": 3600
    }
  }
}