{
  "sensor_data": {
    "metadata": {
      "device_id": "UPS-SENSOR-001",
      "location": "Estacionamiento Norte",
      "timestamp": "2025-12-06T18:00:56",
      "latitude": -2.1715,
      "longitude": -79.9215
    },
    "readings": {
      "scd30": {
        "co2": 563.59,
        "temperature": 28.83,
        "humidity": 60.74
      },
      "bme280": {
        "temperature": 29.27,
        "humidity": 60.55,
        "pressure": 1014.74
      },
      "mq135": {
        "analog_value": 87.3,
        "digital_value": 0
      }
    },
    "system_info": {
      "battery_level": 91,
      "sampling_interval": 3600
    }
  }
}