{
  "sensor_data": {
    "metadata": {
      "device_id": "UPS-SENSOR-005",
      "location": "Edificio de Ingeniería - Piso 3",
      "timestamp": "2025-12-07T11:45:19",
      "latitude": -2.1712,
      "longitude": -79.9221
    },
    "readings": {
      "scd30": {
        "co2": 1612.65,
        "temperature": 27.53,
        "humidity": 84.82
      },
      "bme280": {
        "temperature": 27.43,
        "humidity": 84.93,
        "pressure": 1015.41
      },
      "mq135": {
        "analog_value": 204.46,
        "digital_value": 1
      }
    },
    "system_info": {
      "battery_level": 94,
      "sampling_interval": 3600
    }
  }
}