{
  "sensor_data": {
    "metadata": {
      "device_id": "UPS-SENSOR-001",
      "location": "Cafetería Principal",
      "timestamp": "2025-12-09T13:30:57",
      "latitude": -2.1705,
      "longitude": -79.9223
    },
    "readings": {
      "scd30": {
        "co2": 1163.71,
        "temperature": 28.21,
        "humidity": 62.49
      },
      "bme280": {
        "temperature": 28.49,
        "humidity": 64.43,
        "pressure": 1013.84
      },
      "mq135": {
        "analog_value": 290.01,
        "digital_value": 1
      }
    },
    "system_info": {
      "battery_level": 86,
      "sampling_interval": 3600
    }
  }
}