{
  "sensor_data": {
    "metadata": {
      "device_id": "UPS-SENSOR-005",
      "location": "Cafetería Principal",
      "timestamp": "2025-12-04T09:30:47",
      "latitude": -2.1705,
      "longitude": -79.9223
    },
    "readings": {
      "scd30": {
        "co2": 1337.34,
        "temperature": 28.14,
        "humidity": 79.95
      },
      "bme280": {
        "temperature": 28.6,
        "humidity": 79.67,
        "pressure": 1012.63
      },
      "mq135": {
        "analog_value": 319.16,
        "digital_value": 1
      }
    },
    "system_info": {
      "battery_level": 95,
      "sampling_interval": 3600
    }
  }
}