{
  "sensor_data": {
    "metadata": {
      "device_id": "UPS-SENSOR-002",
      "location": "Auditorio Central",
      "timestamp": "2025-12-06T01:15:12",
      "latitude": -2.1703,
      "longitude": -79.9227
    },
    "readings": {
      "scd30": {
        "co2": 392.55,
        "temperature": 24.23,
        "humidity": 64.23
      },
      "bme280": {
        "temperature": 23.82,
        "humidity": 66.21,
        "pressure": 1012.8
      },
      "mq135": {
        "analog_value": 97.68,
        "digital_value": 0
      }
    },
    "system_info": {
      "battery_level": 93,
      "sampling_interval": 3600
    }
  }
}