{
  "sensor_data": {
    "metadata": {
      "device_id": "UPS-SENSOR-002",
      "location": "Cafetería Principal",
      "timestamp": "2025-12-02T07:45:06",
      "latitude": -2.1705,
      "longitude": -79.9223
    },
    "readings": {
      "scd30": {
        "co2": 1092.39,
        "temperature": 27.11,
        "humidity": 62.83
      },
      "bme280": {
        "temperature": 27.31,
        "humidity": 64.46,
        "pressure": 1011.32
      },
      "mq135": {
        "analog_value": 182.53,
        "digital_value": 1
      }
    },
    "system_info": {
      "battery_level": 92,
      "sampling_interval": 3600
    }
  }
}