{
  "sensor_data": {
    "metadata": {
      "device_id": "UPS-SENSOR-004",
      "location": "Laboratorio de Ciencias",
      "timestamp": "2025-12-07T05:30:29",
      "latitude": -2.171,
      "longitude": -79.9218
    },
    "readings": {
      "scd30": {
        "co2": 350.17,
        "temperature": 25.14,
        "humidity": 72.33
      },
      "bme280": {
        "temperature": 24.72,
        "humidity": 70.68,
        "pressure": 1013.63
      },
      "mq135": {
        "analog_value": 60.66,
        "digital_value": 0
      }
    },
    "system_info": {
      "battery_level": 90,
      "sampling_interval": 3600
    }
  }
}