{
  "sensor_data": {
    "metadata": {
      "device_id": "UPS-SENSOR-001",
      "location": "Campus Centenario - UPS Guayaquil",
      "timestamp": "2025-12-06T20:15:37",
      "latitude": -2.170998,
      "longitude": -79.922356
    },
    "readings": {
      "scd30": {
        "co2": 574.9,
        "temperature": 31.55,
        "humidity": 55.66
      },
      "bme280": {
        "temperature": 31.68,
        "humidity": 54.67,
        "pressure": 1014.49
      },
      "mq135": {
        "analog_value": 25.3,
        "digital_value": 0
      }
    },
    "system_info": {
      "battery_level": 95,
      "sampling_interval": 3600
    }
  }
}