{
  "sensor_data": {
    "metadata": {
      "device_id": "UPS-SENSOR-003",
      "location": "Auditorio Central",
      "timestamp": "2025-12-10T06:30:04",
      "latitude": -2.1703,
      "longitude": -79.9227
    },
    "readings": {
      "scd30": {
        "co2": 751.97,
        "temperature": 26.04,
        "humidity": 77.19
      },
      "bme280": {
        "temperature": 25.84,
        "humidity": 76.26,
        "pressure": 1013.38
      },
      "mq135": {
        "analog_value": 140.25,
        "digital_value": 0
      }
    },
    "system_info": {
      "battery_level": 86,
      "sampling_interval": 3600
    }
  }
}