{
  "sensor_data": {
    "metadata": {
      "device_id": "UPS-SENSOR-004",
      "location": "Campus Centenario - UPS Guayaquil",
      "timestamp": "2025-12-01T22:00:51",
      "latitude": -2.170998,
      "longitude": -79.922356
    },
    "readings": {
      "scd30": {
        "co2": 634.1,
        "temperature": 28.62,
        "humidity": 59.64
      },
      "bme280": {
        "temperature": 28.58,
        "humidity": 59.11,
        "pressure": 1012.68
      },
      "mq135": {
        "analog_value": 59.82,
        "digital_value": 0
      }
    },
    "system_info": {
      "battery_level": 99,
      "sampling_interval": 3600
    }
  }
}