{
  "sensor_data": {
    "metadata": {
      "device_id": "UPS-SENSOR-005",
      "location": "Campus Centenario - UPS Guayaquil",
      "timestamp": "2025-12-05T21:30:11",
      "latitude": -2.170998,
      "longitude": -79.922356
    },
    "readings": {
      "scd30": {
        "co2": 978.61,
        "temperature": 30.71,
        "humidity": 73.97
      },
      "bme280": {
        "temperature": 30.63,
        "humidity": 74.74,
        "pressure": 1012.26
      },
      "mq135": {
        "analog_value": 168.46,
        "digital_value": 0
      }
    },
    "system_info": {
      "battery_level": 95,
      "sampling_interval": 3600
    }
  }
}