{
  "sensor_data": {
    "metadata": {
      "device_id": "UPS-SENSOR-003",
      "location": "Edificio de Ingeniería - Piso 3",
      "timestamp": "2025-12-09T21:45:28",
      "latitude": -2.1712,
      "longitude": -79.9221
    },
    "readings": {
      "scd30": {
        "co2": 621.63,
        "temperature": 29.72,
        "humidity": 58.25
      },
      "bme280": {
        "temperature": 29.93,
        "humidity": 57.76,
        "pressure": 1014.13
      },
      "mq135": {
        "analog_value": 136.76,
        "digital_value": 0
      }
    },
    "system_info": {
      "battery_level": 88,
      "sampling_interval": 3600
    }
  }
}