{
  "sensor_data": {
    "metadata": {
      "device_id": "UPS-SENSOR-003",
      "location": "Biblioteca Central",
      "timestamp": "2025-12-03T23:00:55",
      "latitude": -2.1708,
      "longitude": -79.9225
    },
    "readings": {
      "scd30": {
        "co2": 604.72,
        "temperature": 30.17,
        "humidity": 58.78
      },
      "bme280": {
        "temperature": 30.22,
        "humidity": 59.14,
        "pressure": 1013.92
      },
      "mq135": {
        "analog_value": 98.85,
        "digital_value": 0
      }
    },
    "system_info": {
      "battery_level": 95,
      "sampling_interval": 3600
    }
  }
}