{
  "sensor_data": {
    "metadata": {
      "device_id": "UPS-SENSOR-002",
      "location": "Biblioteca Central",
      "timestamp": "2025-12-07T21:15:03",
      "latitude": -2.1708,
      "longitude": -79.9225
    },
    "readings": {
      "scd30": {
        "co2": 490.59,
        "temperature": 29.45,
        "humidity": 59.14
      },
      "bme280": {
        "temperature": 29.03,
        "humidity": 58.28,
        "pressure": 1014.08
      },
      "mq135": {
        "analog_value": 95.16,
        "digital_value": 0
      }
    },
    "system_info": {
      "battery_level": 94,
      "sampling_interval": 3600
    }
  }
}