{
  "sensor_data": {
    "metadata": {
      "device_id": "UPS-SENSOR-001",
      "location": "Área Deportiva",
      "timestamp": "2025-12-08T22:30:48",
      "latitude": -2.172,
      "longitude": -79.922
    },
    "readings": {
      "scd30": {
        "co2": 578.2,
        "temperature": 29.84,
        "humidity": 62.6
      },
      "bme280": {
        "temperature": 29.63,
        "humidity": 64.49,
        "pressure": 1013.84
      },
      "mq135": {
        "analog_value": 128.77,
        "digital_value": 0
      }
    },
    "system_info": {
      "battery_level": 89,
      "sampling_interval": 3600
    }
  }
}