{
  "sensor_data": {
    "metadata": {
      "device_id": "UPS-SENSOR-004",
      "location": "Estacionamiento Norte",
      "timestamp": "2025-12-11T03:00:55",
      "latitude": -2.1715,
      "longitude": -79.9215
    },
    "readings": {
      "scd30": {
        "co2": 571.52,
        "temperature": 25.2,
        "humidity": 70.25
      },
      "bme280": {
        "temperature": 25.16,
        "humidity": 70.22,
        "pressure": 1013.84
      },
      "mq135": {
        "analog_value": 128.58,
        "digital_value": 0
      }
    },
    "system_info": {
      "battery_level": 93,
      "sampling_interval": 3600
    }
  }
}