{
  "sensor_data": {
    "metadata": {
      "device_id": "UPS-SENSOR-001",
      "location": "Edificio de Ingeniería - Piso 3",
      "timestamp": "2025-12-08T07:30:10",
      "latitude": -2.1712,
      "longitude": -79.9221
    },
    "readings": {
      "scd30": {
        "co2": 725.44,
        "temperature": 26.75,
        "humidity": 82.13
      },
      "bme280": {
        "temperature": 26.73,
        "humidity": 81.14,
        "pressure": 1010.47
      },
      "mq135": {
        "analog_value": 130.46,
        "digital_value": 0
      }
    },
    "system_info": {
      "battery_level": 87,
      "sampling_interval": 3600
    }
  }
}