{
  "sensor_data": {
    "metadata": {
      "device_id": "UPS-SENSOR-005",
      "location": "Cafetería Principal",
      "timestamp": "2025-12-06T23:15:45",
      "latitude": -2.1705,
      "longitude": -79.9223
    },
    "readings": {
      "scd30": {
        "co2": 427.37,
        "temperature": 29.81,
        "humidity": 56.24
      },
      "bme280": {
        "temperature": 29.52,
        "humidity": 56.33,
        "pressure": 1011.08
      },
      "mq135": {
        "analog_value": 83.41,
        "digital_value": 0
      }
    },
    "system_info": {
      "battery_level": 90,
      "sampling_interval": 3600
    }
  }
}