{
  "sensor_data": {
    "metadata": {
      "device_id": "UPS-SENSOR-002",
      "location": "Cafetería Principal",
      "timestamp": "2025-12-09T21:30:08",
      "latitude": -2.1705,
      "longitude": -79.9223
    },
    "readings": {
      "scd30": {
        "co2": 728.87,
        "temperature": 30.47,
        "humidity": 67.2
      },
      "bme280": {
        "temperature": 30.22,
        "humidity": 65.55,
        "pressure": 1012.38
      },
      "mq135": {
        "analog_value": 149.03,
        "digital_value": 0
      }
    },
    "system_info": {
      "battery_level": 87,
      "sampling_interval": 3600
    }
  }
}