{
  "sensor_data": {
    "metadata": {
      "device_id": "UPS-SENSOR-002",
      "location": "Biblioteca Central",
      "timestamp": "2025-12-10T11:30:18",
      "latitude": -2.1708,
      "longitude": -79.9225
    },
    "readings": {
      "scd30": {
        "co2": 719.5,
        "temperature": 27.63,
        "humidity": 80.92
      },
      "bme280": {
        "temperature": 27.71,
        "humidity": 81.8,
        "pressure": 1013.08
      },
      "mq135": {
        "analog_value": 111.76,
        "digital_value": 0
      }
    },
    "system_info": {
      "battery_level": 90,
      "sampling_interval": 3600
    }
  }
}