{
  "sensor_data": {
    "metadata": {
      "device_id": "UPS-SENSOR-005",
      "location": "Laboratorio de Ciencias",
      "timestamp": "2025-12-06T11:30:44",
      "latitude": -2.171,
      "longitude": -79.9218
    },
    "readings": {
      "scd30": {
        "co2": 554.79,
        "temperature": 27.11,
        "humidity": 86.06
      },
      "bme280": {
        "temperature": 27.26,
        "humidity": 86.67,
        "pressure": 1013.9
      },
      "mq135": {
        "analog_value": 126.36,
        "digital_value": 0
      }
    },
    "system_info": {
      "battery_level": 95,
      "sampling_interval": 3600
    }
  }
}