{
  "sensor_data": {
    "metadata": {
      "device_id": "UPS-SENSOR-003",
      "location": "Biblioteca Central",
      "timestamp": "2025-12-04T05:45:12",
      "latitude": -2.1708,
      "longitude": -79.9225
    },
    "readings": {
      "scd30": {
        "co2": 876.77,
        "temperature": 25.99,
        "humidity": 63.84
      },
      "bme280": {
        "temperature": 25.8,
        "humidity": 61.97,
        "pressure": 1011.77
      },
      "mq135": {
        "analog_value": 183.39,
        "digital_value": 0
      }
    },
    "system_info": {
      "battery_level": 92,
      "sampling_interval": 3600
    }
  }
}