{
  "sensor_data": {
    "metadata": {
      "device_id": "UPS-SENSOR-001",
      "location": "Biblioteca Central",
      "timestamp": "2025-12-07T03:30:25",
      "latitude": -2.1708,
      "longitude": -79.9225
    },
    "readings": {
      "scd30": {
        "co2": 361.32,
        "temperature": 24.65,
        "humidity": 68.28
      },
      "bme280": {
        "temperature": 25.04,
        "humidity": 67.72,
        "pressure": 1011.88
      },
      "mq135": {
        "analog_value": 89.21,
        "digital_value": 0
      }
    },
    "system_info": {
      "battery_level": 89,
      "sampling_interval": 3600
    }
  }
}