{
  "sensor_data": {
    "metadata": {
      "device_id": "UPS-SENSOR-005",
      "location": "Estacionamiento Norte",
      "timestamp": "2025-12-02T15:30:07",
      "latitude": -2.1715,
      "longitude": -79.9215
    },
    "readings": {
      "scd30": {
        "co2": 596.94,
        "temperature": 28.42,
        "humidity": 56.98
      },
      "bme280": {
        "temperature": 28.89,
        "humidity": 55.25,
        "pressure": 1011.09
      },
      "mq135": {
        "analog_value": 91.29,
        "digital_value": 0
      }
    },
    "system_info": {
      "battery_level": 91,
      "sampling_interval": 3600
    }
  }
}