{
  "sensor_data": {
    "metadata": {
      "device_id": "UPS-SENSOR-002",
      "location": "Laboratorio de Ciencias",
      "timestamp": "2025-12-10T08:15:31",
      "latitude": -2.171,
      "longitude": -79.9218
    },
    "readings": {
      "scd30": {
        "co2": 1349.2,
        "temperature": 24.07,
        "humidity": 95.0
      },
      "bme280": {
        "temperature": 24.2,
        "humidity": 93.69,
        "pressure": 1014.5
      },
      "mq135": {
        "analog_value": 141.25,
        "digital_value": 1
      }
    },
    "system_info": {
      "battery_level": 100,
      "sampling_interval": 3600
    }
  }
}