{
  "sensor_data": {
    "metadata": {
      "device_id": "UPS-SENSOR-002",
      "location": "Área Deportiva",
      "timestamp": "2025-12-03T00:45:37",
      "latitude": -2.172,
      "longitude": -79.922
    },
    "readings": {
      "scd30": {
        "co2": 963.38,
        "temperature": 25.0,
        "humidity": 72.23
      },
      "bme280": {
        "temperature": 24.51,
        "humidity": 71.61,
        "pressure": 1011.35
      },
      "mq135": {
        "analog_value": 222.33,
        "digital_value": 0
      }
    },
    "system_info": {
      "battery_level": 95,
      "sampling_interval": 3600
    }
  }
}