{
  "sensor_data": {
    "metadata": {
      "device_id": "UPS-SENSOR-004",
      "location": "Cafetería Principal",
      "timestamp": "2025-12-05T21:00:30",
      "latitude": -2.1705,
      "longitude": -79.9223
    },
    "readings": {
      "scd30": {
        "co2": 739.21,
        "temperature": 30.36,
        "humidity": 59.64
      },
      "bme280": {
        "temperature": 29.89,
        "humidity": 57.85,
        "pressure": 1010.89
      },
      "mq135": {
        "analog_value": 118.24,
        "digital_value": 0
      }
    },
    "system_info": {
      "battery_level": 93,
      "sampling_interval": 3600
    }
  }
}