{
  "sensor_data": {
    "metadata": {
      "device_id": "UPS-SENSOR-003",
      "location": "Área Deportiva",
      "timestamp": "2025-12-10T14:00:33",
      "latitude": -2.172,
      "longitude": -79.922
    },
    "readings": {
      "scd30": {
        "co2": 857.1,
        "temperature": 25.68,
        "humidity": 82.78
      },
      "bme280": {
        "temperature": 25.65,
        "humidity": 82.38,
        "pressure": 1013.82
      },
      "mq135": {
        "analog_value": 65.31,
        "digital_value": 0
      }
    },
    "system_info": {
      "battery_level": 95,
      "sampling_interval": 3600
    }
  }
}