{
  "sensor_data": {
    "metadata": {
      "device_id": "UPS-SENSOR-001",
      "location": "Biblioteca Central",
      "timestamp": "2025-12-07T13:15:42",
      "latitude": -2.1708,
      "longitude": -79.9225
    },
    "readings": {
      "scd30": {
        "co2": 661.5,
        "temperature": 28.04,
        "humidity": 72.89
      },
      "bme280": {
        "temperature": 27.56,
        "humidity": 73.18,
        "pressure": 1011.28
      },
      "mq135": {
        "analog_value": 132.11,
        "digital_value": 0
      }
    },
    "system_info": {
      "battery_level": 94,
      "sampling_interval": 3600
    }
  }
}