{
  "sensor_data": {
    "metadata": {
      "device_id": "UPS-SENSOR-004",
      "location": "Auditorio Central",
      "timestamp": "2025-12-08T07:15:06",
      "latitude": -2.1703,
      "longitude": -79.9227
    },
    "readings": {
      "scd30": {
        "co2": 720.96,
        "temperature": 26.29,
        "humidity": 82.32
      },
      "bme280": {
        "temperature": 26.1,
        "humidity": 83.63,
        "pressure": 1010.03
      },
      "mq135": {
        "analog_value": 162.42,
        "digital_value": 0
      }
    },
    "system_info": {
      "battery_level": 87,
      "sampling_interval": 3600
    }
  }
}