{
  "sensor_data": {
    "metadata": {
      "device_id": "UPS-SENSOR-003",
      "location": "Área Deportiva",
      "timestamp": "2025-12-07T12:15:52",
      "latitude": -2.172,
      "longitude": -79.922
    },
    "readings": {
      "scd30": {
        "co2": 451.83,
        "temperature": 27.16,
        "humidity": 57.16
      },
      "bme280": {
        "temperature": 27.05,
        "humidity": 56.03,
        "pressure": 1013.05
      },
      "mq135": {
        "analog_value": 112.15,
        "digital_value": 0
      }
    },
    "system_info": {
      "battery_level": 87,
      "sampling_interval": 3600
    }
  }
}