{
  "sensor_data": {
    "metadata": {
      "device_id": "UPS-SENSOR-001",
      "location": "Laboratorio de Ciencias",
      "timestamp": "2025-12-04T15:00:09",
      "latitude": -2.171,
      "longitude": -79.9218
    },
    "readings": {
      "scd30": {
        "co2": 1260.65,
        "temperature": 30.16,
        "humidity": 86.54
      },
      "bme280": {
        "temperature": 30.3,
        "humidity": 85.54,
        "pressure": 1014.68
      },
      "mq135": {
        "analog_value": 142.26,
        "digital_value": 1
      }
    },
    "system_info": {
      "battery_level": 94,
      "sampling_interval": 3600
    }
  }
}