{
  "sensor_data": {
    "metadata": {
      "device_id": "UPS-SENSOR-005",
      "location": "Área Deportiva",
      "timestamp": "2025-12-08T15:00:37",
      "latitude": -2.172,
      "longitude": -79.922
    },
    "readings": {
      "scd30": {
        "co2": 731.65,
        "temperature": 26.02,
        "humidity": 78.78
      },
      "bme280": {
        "temperature": 26.27,
        "humidity": 78.12,
        "pressure": 1013.97
      },
      "mq135": {
        "analog_value": 81.76,
        "digital_value": 0
      }
    },
    "system_info": {
      "battery_level": 96,
      "sampling_interval": 3600
    }
  }
}