{
  "sensor_data": {
    "metadata": {
      "device_id": "UPS-SENSOR-001",
      "location": "Cafetería Principal",
      "timestamp": "2025-12-02T20:00:23",
      "latitude": -2.1705,
      "longitude": -79.9223
    },
    "readings": {
      "scd30": {
        "co2": 1120.65,
        "temperature": 30.11,
        "humidity": 63.53
      },
      "bme280": {
        "temperature": 30.53,
        "humidity": 65.19,
        "pressure": 1013.57
      },
      "mq135": {
        "analog_value": 174.56,
        "digital_value": 1
      }
    },
    "system_info": {
      "battery_level": 95,
      "sampling_interval": 3600
    }
  }
}