{
  "sensor_data": {
    "metadata": {
      "device_id": "UPS-SENSOR-003",
      "location": "Campus Centenario - UPS Guayaquil",
      "timestamp": "2025-12-04T15:00:06",
      "latitude": -2.170998,
      "longitude": -79.922356
    },
    "readings": {
      "scd30": {
        "co2": 722.69,
        "temperature": 28.61,
        "humidity": 59.76
      },
      "bme280": {
        "temperature": 28.96,
        "humidity": 58.87,
        "pressure": 1012.6
      },
      "mq135": {
        "analog_value": 164.76,
        "digital_value": 0
      }
    },
    "system_info": {
      "battery_level": 88,
      "sampling_interval": 3600
    }
  }
}