{
  "sensor_data": {
    "metadata": {
      "device_id": "UPS-SENSOR-003",
      "location": "Cafetería Principal",
      "timestamp": "2025-12-01T09:30:39",
      "latitude": -2.1705,
      "longitude": -79.9223
    },
    "readings": {
      "scd30": {
        "co2": 978.39,
        "temperature": 25.05,
        "humidity": 95.0
      },
      "bme280": {
        "temperature": 25.09,
        "humidity": 94.62,
        "pressure": 1014.06
      },
      "mq135": {
        "analog_value": 86.46,
        "digital_value": 0
      }
    },
    "system_info": {
      "battery_level": 98,
      "sampling_interval": 3600
    }
  }
}