{
  "sensor_data": {
    "metadata": {
      "device_id": "UPS-SENSOR-002",
      "location": "Biblioteca Central",
      "timestamp": "2025-12-02T09:45:32",
      "latitude": -2.1708,
      "longitude": -79.9225
    },
    "readings": {
      "scd30": {
        "co2": 1115.07,
        "temperature": 23.62,
        "humidity": 86.65
      },
      "bme280": {
        "temperature": 23.67,
        "humidity": 87.31,
        "pressure": 1013.47
      },
      "mq135": {
        "analog_value": 104.45,
        "digital_value": 1
      }
    },
    "system_info": {
      "battery_level": 95,
      "sampling_interval": 3600
    }
  }
}