{
  "sensor_data": {
    "metadata": {
      "device_id": "UPS-SENSOR-004",
      "location": "Área Deportiva",
      "timestamp": "2025-12-11T06:30:53",
      "latitude": -2.172,
      "longitude": -79.922
    },
    "readings": {
      "scd30": {
        "co2": 1566.82,
        "temperature": 28.44,
        "humidity": 84.45
      },
      "bme280": {
        "temperature": 28.08,
        "humidity": 85.16,
        "pressure": 1014.23
      },
      "mq135": {
        "analog_value": 339.51,
        "digital_value": 1
      }
    },
    "system_info": {
      "battery_level": 88,
      "sampling_interval": 3600
    }
  }
}