{
  "sensor_data": {
    "metadata": {
      "device_id": "UPS-SENSOR-001",
      "location": "Campus Centenario - UPS Guayaquil",
      "timestamp": "2025-12-04T05:45:10",
      "latitude": -2.170998,
      "longitude": -79.922356
    },
    "readings": {
      "scd30": {
        "co2": 799.9,
        "temperature": 26.64,
        "humidity": 56.87
      },
      "bme280": {
        "temperature": 27.11,
        "humidity": 57.14,
        "pressure": 1012.04
      },
      "mq135": {
        "analog_value": 174.44,
        "digital_value": 0
      }
    },
    "system_info": {
      "battery_level": 92,
      "sampling_interval": 3600
    }
  }
}