{
  "sensor_data": {
    "metadata": {
      "device_id": "UPS-SENSOR-003",
      "location": "Laboratorio de Ciencias",
      "timestamp": "2025-12-09T12:30:36",
      "latitude": -2.171,
      "longitude": -79.9218
    },
    "readings": {
      "scd30": {
        "co2": 817.81,
        "temperature": 28.56,
        "humidity": 55.31
      },
      "bme280": {
        "temperature": 28.16,
        "humidity": 56.14,
        "pressure": 1011.35
      },
      "mq135": {
        "analog_value": 164.21,
        "digital_value": 0
      }
    },
    "system_info": {
      "battery_level": 94,
      "sampling_interval": 3600
    }
  }
}