{
  "sensor_data": {
    "metadata": {
      "device_id": "UPS-SENSOR-001",
      "location": "Cafetería Principal",
      "timestamp": "2025-12-04T19:30:20",
      "latitude": -2.1705,
      "longitude": -79.9223
    },
    "readings": {
      "scd30": {
        "co2": 1786.2,
        "temperature": 35.94,
        "humidity": 68.08
      },
      "bme280": {
        "temperature": 36.23,
        "humidity": 67.59,
        "pressure": 1014.05
      },
      "mq135": {
        "analog_value": 210.96,
        "digital_value": 1
      }
    },
    "system_info": {
      "battery_level": 99,
      "sampling_interval": 3600
    }
  }
}