{
  "sensor_data": {
    "metadata": {
      "device_id": "UPS-SENSOR-002",
      "location": "Área Deportiva",
      "timestamp": "2025-12-06T09:30:33",
      "latitude": -2.172,
      "longitude": -79.922
    },
    "readings": {
      "scd30": {
        "co2": 395.97,
        "temperature": 20.67,
        "humidity": 95.0
      },
      "bme280": {
        "temperature": 20.4,
        "humidity": 95.75,
        "pressure": 1015.27
      },
      "mq135": {
        "analog_value": 0,
        "digital_value": 0
      }
    },
    "system_info": {
      "battery_level": 96,
      "sampling_interval": 3600
    }
  }
}