{
  "sensor_data": {
    "metadata": {
      "device_id": "UPS-SENSOR-001",
      "location": "Campus Centenario - UPS Guayaquil",
      "timestamp": "2025-12-08T06:30:41",
      "latitude": -2.170998,
      "longitude": -79.922356
    },
    "readings": {
      "scd30": {
        "co2": 1700.84,
        "temperature": 27.93,
        "humidity": 74.06
      },
      "bme280": {
        "temperature": 27.67,
        "humidity": 74.02,
        "pressure": 1011.97
      },
      "mq135": {
        "analog_value": 342.6,
        "digital_value": 1
      }
    },
    "system_info": {
      "battery_level": 95,
      "sampling_interval": 3600
    }
  }
}