{
  "sensor_data": {
    "metadata": {
      "device_id": "UPS-SENSOR-001",
      "location": "Auditorio Central",
      "timestamp": "2025-12-05T03:00:04",
      "latitude": -2.1703,
      "longitude": -79.9227
    },
    "readings": {
      "scd30": {
        "co2": 359.6,
        "temperature": 24.63,
        "humidity": 58.18
      },
      "bme280": {
        "temperature": 24.48,
        "humidity": 56.46,
        "pressure": 1012.24
      },
      "mq135": {
        "analog_value": 67.37,
        "digital_value": 0
      }
    },
    "system_info": {
      "battery_level": 95,
      "sampling_interval": 3600
    }
  }
}