{
  "sensor_data": {
    "metadata": {
      "device_id": "UPS-SENSOR-002",
      "location": "Laboratorio de Ciencias",
      "timestamp": "2025-12-08T21:45:54",
      "latitude": -2.171,
      "longitude": -79.9218
    },
    "readings": {
      "scd30": {
        "co2": 674.4,
        "temperature": 30.1,
        "humidity": 55.92
      },
      "bme280": {
        "temperature": 29.87,
        "humidity": 57.65,
        "pressure": 1011.3
      },
      "mq135": {
        "analog_value": 128.07,
        "digital_value": 0
      }
    },
    "system_info": {
      "battery_level": 95,
      "sampling_interval": 3600
    }
  }
}