{
  "sensor_data": {
    "metadata": {
      "device_id": "UPS-SENSOR-001",
      "location": "Estacionamiento Norte",
      "timestamp": "2025-12-08T16:45:07",
      "latitude": -2.1715,
      "longitude": -79.9215
    },
    "readings": {
      "scd30": {
        "co2": 589.08,
        "temperature": 29.01,
        "humidity": 69.14
      },
      "bme280": {
        "temperature": 29.06,
        "humidity": 68.46,
        "pressure": 1015.08
      },
      "mq135": {
        "analog_value": 32.09,
        "digital_value": 0
      }
    },
    "system_info": {
      "battery_level": 98,
      "sampling_interval": 3600
    }
  }
}