{
  "sensor_data": {
    "metadata": {
      "device_id": "UPS-SENSOR-001",
      "location": "Laboratorio de Ciencias",
      "timestamp": "2025-12-03T20:45:25",
      "latitude": -2.171,
      "longitude": -79.9218
    },
    "readings": {
      "scd30": {
        "co2": 1157.62,
        "temperature": 33.87,
        "humidity": 66.81
      },
      "bme280": {
        "temperature": 33.6,
        "humidity": 66.05,
        "pressure": 1013.78
      },
      "mq135": {
        "analog_value": 113.83,
        "digital_value": 1
      }
    },
    "system_info": {
      "battery_level": 94,
      "sampling_interval": 3600
    }
  }
}