{
  "sensor_data": {
    "metadata": {
      "device_id": "UPS-SENSOR-002",
      "location": "Área Deportiva",
      "timestamp": "2025-12-07T19:15:59",
      "latitude": -2.172,
      "longitude": -79.922
    },
    "readings": {
      "scd30": {
        "co2": 363.35,
        "temperature": 28.69,
        "humidity": 72.72
      },
      "bme280": {
        "temperature": 28.91,
        "humidity": 72.47,
        "pressure": 1010.49
      },
      "mq135": {
        "analog_value": 80.08,
        "digital_value": 0
      }
    },
    "system_info": {
      "battery_level": 95,
      "sampling_interval": 3600
    }
  }
}