{
  "sensor_data": {
    "metadata": {
      "device_id": "UPS-SENSOR-001",
      "location": "Campus Centenario - UPS Guayaquil",
      "timestamp": "2025-12-11T06:30:05",
      "latitude": -2.170998,
      "longitude": -79.922356
    },
    "readings": {
      "scd30": {
        "co2": 764.14,
        "temperature": 26.25,
        "humidity": 75.13
      },
      "bme280": {
        "temperature": 25.82,
        "humidity": 76.44,
        "pressure": 1013.25
      },
      "mq135": {
        "analog_value": 121.43,
        "digital_value": 0
      }
    },
    "system_info": {
      "battery_level": 94,
      "sampling_interval": 3600
    }
  }
}