{
  "sensor_data": {
    "metadata": {
      "device_id": "UPS-SENSOR-002",
      "location": "Campus Centenario - UPS Guayaquil",
      "timestamp": "2025-12-05T12:15:30",
      "latitude": -2.170998,
      "longitude": -79.922356
    },
    "readings": {
      "scd30": {
        "co2": 667.71,
        "temperature": 27.41,
        "humidity": 74.7
      },
      "bme280": {
        "temperature": 27.2,
        "humidity": 73.51,
        "pressure": 1014.23
      },
      "mq135": {
        "analog_value": 145.25,
        "digital_value": 0
      }
    },
    "system_info": {
      "battery_level": 94,
      "sampling_interval": 3600
    }
  }
}