{
  "sensor_data": {
    "metadata": {
      "device_id": "UPS-SENSOR-005",
      "location": "Biblioteca Central",
      "timestamp": "2025-12-03T07:00:56",
      "latitude": -2.1708,
      "longitude": -79.9225
    },
    "readings": {
      "scd30": {
        "co2": 582.81,
        "temperature": 23.73,
        "humidity": 85.68
      },
      "bme280": {
        "temperature": 23.63,
        "humidity": 85.31,
        "pressure": 1015.2
      },
      "mq135": {
        "analog_value": 23.65,
        "digital_value": 0
      }
    },
    "system_info": {
      "battery_level": 98,
      "sampling_interval": 3600
    }
  }
}