{
  "sensor_data": {
    "metadata": {
      "device_id": "UPS-SENSOR-005",
      "location": "Cafetería Principal",
      "timestamp": "2025-12-02T12:15:55",
      "latitude": -2.1705,
      "longitude": -79.9223
    },
    "readings": {
      "scd30": {
        "co2": 1181.53,
        "temperature": 25.36,
        "humidity": 95.0
      },
      "bme280": {
        "temperature": 25.49,
        "humidity": 94.42,
        "pressure": 1013.42
      },
      "mq135": {
        "analog_value": 115.15,
        "digital_value": 1
      }
    },
    "system_info": {
      "battery_level": 95,
      "sampling_interval": 3600
    }
  }
}