{
  "sensor_data": {
    "metadata": {
      "device_id": "UPS-SENSOR-003",
      "location": "Biblioteca Central",
      "timestamp": "2025-12-01T10:15:35",
      "latitude": -2.1708,
      "longitude": -79.9225
    },
    "readings": {
      "scd30": {
        "co2": 2265.24,
        "temperature": 25.65,
        "humidity": 94.32
      },
      "bme280": {
        "temperature": 25.6,
        "humidity": 94.02,
        "pressure": 1013.13
      },
      "mq135": {
        "analog_value": 280.67,
        "digital_value": 1
      }
    },
    "system_info": {
      "battery_level": 97,
      "sampling_interval": 3600
    }
  }
}