{
  "sensor_data": {
    "metadata": {
      "device_id": "UPS-SENSOR-005",
      "location": "Estacionamiento Norte",
      "timestamp": "2025-12-05T04:30:06",
      "latitude": -2.1715,
      "longitude": -79.9215
    },
    "readings": {
      "scd30": {
        "co2": 1298.05,
        "temperature": 27.4,
        "humidity": 68.64
      },
      "bme280": {
        "temperature": 27.32,
        "humidity": 67.77,
        "pressure": 1010.09
      },
      "mq135": {
        "analog_value": 312.48,
        "digital_value": 1
      }
    },
    "system_info": {
      "battery_level": 94,
      "sampling_interval": 3600
    }
  }
}