{
  "sensor_data": {
    "metadata": {
      "device_id": "UPS-SENSOR-001",
      "location": "Cafetería Principal",
      "timestamp": "2025-12-10T13:15:35",
      "latitude": -2.1705,
      "longitude": -79.9223
    },
    "readings": {
      "scd30": {
        "co2": 1714.76,
        "temperature": 28.35,
        "humidity": 91.13
      },
      "bme280": {
        "temperature": 28.49,
        "humidity": 91.78,
        "pressure": 1014.34
      },
      "mq135": {
        "analog_value": 197.48,
        "digital_value": 1
      }
    },
    "system_info": {
      "battery_level": 97,
      "sampling_interval": 3600
    }
  }
}