{
  "sensor_data": {
    "metadata": {
      "device_id": "UPS-SENSOR-005",
      "location": "Cafetería Principal",
      "timestamp": "2025-12-06T20:30:02",
      "latitude": -2.1705,
      "longitude": -79.9223
    },
    "readings": {
      "scd30": {
        "co2": 413.95,
        "temperature": 29.03,
        "humidity": 58.78
      },
      "bme280": {
        "temperature": 28.65,
        "humidity": 56.92,
        "pressure": 1013.12
      },
      "mq135": {
        "analog_value": 88.23,
        "digital_value": 0
      }
    },
    "system_info": {
      "battery_level": 95,
      "sampling_interval": 3600
    }
  }
}