{
  "sensor_data": {
    "metadata": {
      "device_id": "UPS-SENSOR-005",
      "location": "Estacionamiento Norte",
      "timestamp": "2025-12-07T20:45:08",
      "latitude": -2.1715,
      "longitude": -79.9215
    },
    "readings": {
      "scd30": {
        "co2": 433.35,
        "temperature": 29.77,
        "humidity": 57.5
      },
      "bme280": {
        "temperature": 29.52,
        "humidity": 58.23,
        "pressure": 1014.1
      },
      "mq135": {
        "analog_value": 5.94,
        "digital_value": 0
      }
    },
    "system_info": {
      "battery_level": 97,
      "sampling_interval": 3600
    }
  }
}