{
  "sensor_data": {
    "metadata": {
      "device_id": "UPS-SENSOR-005",
      "location": "Estacionamiento Norte",
      "timestamp": "2025-12-06T09:30:59",
      "latitude": -2.1715,
      "longitude": -79.9215
    },
    "readings": {
      "scd30": {
        "co2": 463.59,
        "temperature": 26.4,
        "humidity": 78.03
      },
      "bme280": {
        "temperature": 25.95,
        "humidity": 76.47,
        "pressure": 1011.5
      },
      "mq135": {
        "analog_value": 76.74,
        "digital_value": 0
      }
    },
    "system_info": {
      "battery_level": 95,
      "sampling_interval": 3600
    }
  }
}