{
  "sensor_data": {
    "metadata": {
      "device_id": "UPS-SENSOR-003",
      "location": "Edificio de Ingeniería - Piso 3",
      "timestamp": "2025-12-10T16:00:49",
      "latitude": -2.1712,
      "longitude": -79.9221
    },
    "readings": {
      "scd30": {
        "co2": 1170.94,
        "temperature": 31.18,
        "humidity": 72.8
      },
      "bme280": {
        "temperature": 31.23,
        "humidity": 72.73,
        "pressure": 1014.03
      },
      "mq135": {
        "analog_value": 150.85,
        "digital_value": 1
      }
    },
    "system_info": {
      "battery_level": 95,
      "sampling_interval": 3600
    }
  }
}