{
  "sensor_data": {
    "metadata": {
      "device_id": "UPS-SENSOR-001",
      "location": "Laboratorio de Ciencias",
      "timestamp": "2025-12-03T20:45:29",
      "latitude": -2.171,
      "longitude": -79.9218
    },
    "readings": {
      "scd30": {
        "co2": 791.16,
        "temperature": 29.89,
        "humidity": 74.51
      },
      "bme280": {
        "temperature": 30.01,
        "humidity": 74.08,
        "pressure": 1010.03
      },
      "mq135": {
        "analog_value": 129.22,
        "digital_value": 0
      }
    },
    "system_info": {
      "battery_level": 95,
      "sampling_interval": 3600
    }
  }
}