{
  "sensor_data": {
    "metadata": {
      "device_id": "UPS-SENSOR-004",
      "location": "Estacionamiento Norte",
      "timestamp": "2025-12-09T00:30:28",
      "latitude": -2.1715,
      "longitude": -79.9215
    },
    "readings": {
      "scd30": {
        "co2": 778.21,
        "temperature": 24.82,
        "humidity": 65.63
      },
      "bme280": {
        "temperature": 24.54,
        "humidity": 67.17,
        "pressure": 1013.2
      },
      "mq135": {
        "analog_value": 147.37,
        "digital_value": 0
      }
    },
    "system_info": {
      "battery_level": 88,
      "sampling_interval": 3600
    }
  }
}