{
  "sensor_data": {
    "metadata": {
      "device_id": "UPS-SENSOR-004",
      "location": "Área Deportiva",
      "timestamp": "2025-12-07T06:30:13",
      "latitude": -2.172,
      "longitude": -79.922
    },
    "readings": {
      "scd30": {
        "co2": 555.52,
        "temperature": 26.04,
        "humidity": 80.02
      },
      "bme280": {
        "temperature": 25.96,
        "humidity": 80.45,
        "pressure": 1012.84
      },
      "mq135": {
        "analog_value": 115.81,
        "digital_value": 0
      }
    },
    "system_info": {
      "battery_level": 94,
      "sampling_interval": 3600
    }
  }
}