{
  "sensor_data": {
    "metadata": {
      "device_id": "UPS-SENSOR-001",
      "location": "Auditorio Central",
      "timestamp": "2025-12-10T23:00:34",
      "latitude": -2.1703,
      "longitude": -79.9227
    },
    "readings": {
      "scd30": {
        "co2": 940.49,
        "temperature": 30.62,
        "humidity": 74.46
      },
      "bme280": {
        "temperature": 30.9,
        "humidity": 73.87,
        "pressure": 1012.84
      },
      "mq135": {
        "analog_value": 189.97,
        "digital_value": 0
      }
    },
    "system_info": {
      "battery_level": 94,
      "sampling_interval": 3600
    }
  }
}