{
  "sensor_data": {
    "metadata": {
      "device_id": "UPS-SENSOR-004",
      "location": "Cafetería Principal",
      "timestamp": "2025-12-10T23:45:03",
      "latitude": -2.1705,
      "longitude": -79.9223
    },
    "readings": {
      "scd30": {
        "co2": 773.84,
        "temperature": 30.28,
        "humidity": 66.4
      },
      "bme280": {
        "temperature": 30.42,
        "humidity": 65.11,
        "pressure": 1012.74
      },
      "mq135": {
        "analog_value": 167.37,
        "digital_value": 0
      }
    },
    "system_info": {
      "battery_level": 92,
      "sampling_interval": 3600
    }
  }
}