{
  "sensor_data": {
    "metadata": {
      "device_id": "UPS-SENSOR-004",
      "location": "Auditorio Central",
      "timestamp": "2025-12-05T02:45:34",
      "latitude": -2.1703,
      "longitude": -79.9227
    },
    "readings": {
      "scd30": {
        "co2": 565.85,
        "temperature": 25.05,
        "humidity": 62.45
      },
      "bme280": {
        "temperature": 24.8,
        "humidity": 62.5,
        "pressure": 1012.32
      },
      "mq135": {
        "analog_value": 92.78,
        "digital_value": 0
      }
    },
    "system_info": {
      "battery_level": 92,
      "sampling_interval": 3600
    }
  }
}