{
  "sensor_data": {
    "metadata": {
      "device_id": "UPS-SENSOR-002",
      "location": "Cafetería Principal",
      "timestamp": "2025-12-07T17:00:39",
      "latitude": -2.1705,
      "longitude": -79.9223
    },
    "readings": {
      "scd30": {
        "co2": 562.49,
        "temperature": 28.52,
        "humidity": 72.83
      },
      "bme280": {
        "temperature": 28.16,
        "humidity": 71.64,
        "pressure": 1013.84
      },
      "mq135": {
        "analog_value": 128.87,
        "digital_value": 0
      }
    },
    "system_info": {
      "battery_level": 93,
      "sampling_interval": 3600
    }
  }
}