{
  "sensor_data": {
    "metadata": {
      "device_id": "UPS-SENSOR-001",
      "location": "Laboratorio de Ciencias",
      "timestamp": "2025-12-03T18:00:44",
      "latitude": -2.171,
      "longitude": -79.9218
    },
    "readings": {
      "scd30": {
        "co2": 1425.46,
        "temperature": 31.44,
        "humidity": 59.64
      },
      "bme280": {
        "temperature": 31.23,
        "humidity": 61.16,
        "pressure": 1010.13
      },
      "mq135": {
        "analog_value": 301.04,
        "digital_value": 1
      }
    },
    "system_info": {
      "battery_level": 94,
      "sampling_interval": 3600
    }
  }
}