{
  "sensor_data": {
    "metadata": {
      "device_id": "UPS-SENSOR-002",
      "location": "Edificio de Ingeniería - Piso 3",
      "timestamp": "2025-12-08T14:00:48",
      "latitude": -2.1712,
      "longitude": -79.9221
    },
    "readings": {
      "scd30": {
        "co2": 1162.7,
        "temperature": 29.17,
        "humidity": 83.93
      },
      "bme280": {
        "temperature": 28.95,
        "humidity": 85.16,
        "pressure": 1014.75
      },
      "mq135": {
        "analog_value": 115.46,
        "digital_value": 1
      }
    },
    "system_info": {
      "battery_level": 95,
      "sampling_interval": 3600
    }
  }
}