{
  "sensor_data": {
    "metadata": {
      "device_id": "UPS-SENSOR-003",
      "location": "Edificio de Ingeniería - Piso 3",
      "timestamp": "2025-12-02T00:15:52",
      "latitude": -2.1712,
      "longitude": -79.9221
    },
    "readings": {
      "scd30": {
        "co2": 564.12,
        "temperature": 24.39,
        "humidity": 69.89
      },
      "bme280": {
        "temperature": 24.87,
        "humidity": 71.11,
        "pressure": 1014.21
      },
      "mq135": {
        "analog_value": 127.56,
        "digital_value": 0
      }
    },
    "system_info": {
      "battery_level": 93,
      "sampling_interval": 3600
    }
  }
}