{
  "sensor_data": {
    "metadata": {
      "device_id": "UPS-SENSOR-001",
      "location": "Área Deportiva",
      "timestamp": "2025-12-10T05:30:06",
      "latitude": -2.172,
      "longitude": -79.922
    },
    "readings": {
      "scd30": {
        "co2": 356.86,
        "temperature": 25.16,
        "humidity": 70.3
      },
      "bme280": {
        "temperature": 24.96,
        "humidity": 70.56,
        "pressure": 1013.64
      },
      "mq135": {
        "analog_value": 65.33,
        "digital_value": 0
      }
    },
    "system_info": {
      "battery_level": 91,
      "sampling_interval": 3600
    }
  }
}