{
  "sensor_data": {
    "metadata": {
      "device_id": "UPS-SENSOR-001",
      "location": "Biblioteca Central",
      "timestamp": "2025-12-11T02:15:39",
      "latitude": -2.1708,
      "longitude": -79.9225
    },
    "readings": {
      "scd30": {
        "co2": 355.88,
        "temperature": 24.42,
        "humidity": 56.33
      },
      "bme280": {
        "temperature": 24.62,
        "humidity": 57.95,
        "pressure": 1011.05
      },
      "mq135": {
        "analog_value": 56.16,
        "digital_value": 0
      }
    },
    "system_info": {
      "battery_level": 88,
      "sampling_interval": 3600
    }
  }
}