{
  "sensor_data": {
    "metadata": {
      "device_id": "UPS-SENSOR-003",
      "location": "Laboratorio de Ciencias",
      "timestamp": "2025-12-09T06:45:04",
      "latitude": -2.171,
      "longitude": -79.9218
    },
    "readings": {
      "scd30": {
        "co2": 1232.71,
        "temperature": 27.84,
        "humidity": 73.65
      },
      "bme280": {
        "temperature": 28.18,
        "humidity": 75.07,
        "pressure": 1014.82
      },
      "mq135": {
        "analog_value": 273.42,
        "digital_value": 1
      }
    },
    "system_info": {
      "battery_level": 87,
      "sampling_interval": 3600
    }
  }
}