{
  "sensor_data": {
    "metadata": {
      "device_id": "UPS-SENSOR-003",
      "location": "Auditorio Central",
      "timestamp": "2025-12-04T02:45:27",
      "latitude": -2.1703,
      "longitude": -79.9227
    },
    "readings": {
      "scd30": {
        "co2": 735.79,
        "temperature": 25.68,
        "humidity": 65.37
      },
      "bme280": {
        "temperature": 26.18,
        "humidity": 64.49,
        "pressure": 1014.35
      },
      "mq135": {
        "analog_value": 147.38,
        "digital_value": 0
      }
    },
    "system_info": {
      "battery_level": 91,
      "sampling_interval": 3600
    }
  }
}