{
  "sensor_data": {
    "metadata": {
      "device_id": "UPS-SENSOR-002",
      "location": "Biblioteca Central",
      "timestamp": "2025-12-01T17:15:50",
      "latitude": -2.1708,
      "longitude": -79.9225
    },
    "readings": {
      "scd30": {
        "co2": 1161.53,
        "temperature": 31.5,
        "humidity": 67.4
      },
      "bme280": {
        "temperature": 31.52,
        "humidity": 66.74,
        "pressure": 1012.67
      },
      "mq135": {
        "analog_value": 128.44,
        "digital_value": 1
      }
    },
    "system_info": {
      "battery_level": 94,
      "sampling_interval": 3600
    }
  }
}