{
  "sensor_data": {
    "metadata": {
      "device_id": "UPS-SENSOR-002",
      "location": "Campus Centenario - UPS Guayaquil",
      "timestamp": "2025-12-07T23:00:36",
      "latitude": -2.170998,
      "longitude": -79.922356
    },
    "readings": {
      "scd30": {
        "co2": 424.71,
        "temperature": 29.79,
        "humidity": 56.85
      },
      "bme280": {
        "temperature": 29.49,
        "humidity": 57.03,
        "pressure": 1010.23
      },
      "mq135": {
        "analog_value": 82.64,
        "digital_value": 0
      }
    },
    "system_info": {
      "battery_level": 89,
      "sampling_interval": 3600
    }
  }
}