{
  "sensor_data": {
    "metadata": {
      "device_id": "UPS-SENSOR-001",
      "location": "Estacionamiento Norte",
      "timestamp": "2025-12-06T14:45:51",
      "latitude": -2.1715,
      "longitude": -79.9215
    },
    "readings": {
      "scd30": {
        "co2": 570.71,
        "temperature": 27.98,
        "humidity": 58.45
      },
      "bme280": {
        "temperature": 27.55,
        "humidity": 56.93,
        "pressure": 1013.53
      },
      "mq135": {
        "analog_value": 117.25,
        "digital_value": 0
      }
    },
    "system_info": {
      "battery_level": 92,
      "sampling_interval": 3600
    }
  }
}