{
  "sensor_data": {
    "metadata": {
      "device_id": "UPS-SENSOR-003",
      "location": "Campus Centenario - UPS Guayaquil",
      "timestamp": "2025-12-04T00:15:07",
      "latitude": -2.170998,
      "longitude": -79.922356
    },
    "readings": {
      "scd30": {
        "co2": 851.87,
        "temperature": 24.88,
        "humidity": 71.62
      },
      "bme280": {
        "temperature": 24.86,
        "humidity": 72.24,
        "pressure": 1012.63
      },
      "mq135": {
        "analog_value": 131.64,
        "digital_value": 0
      }
    },
    "system_info": {
      "battery_level": 89,
      "sampling_interval": 3600
    }
  }
}