{
  "sensor_data": {
    "metadata": {
      "device_id": "UPS-SENSOR-002",
      "location": "Estacionamiento Norte",
      "timestamp": "2025-12-02T18:30:21",
      "latitude": -2.1715,
      "longitude": -79.9215
    },
    "readings": {
      "scd30": {
        "co2": 827.85,
        "temperature": 29.3,
        "humidity": 62.59
      },
      "bme280": {
        "temperature": 29.16,
        "humidity": 61.92,
        "pressure": 1012.61
      },
      "mq135": {
        "analog_value": 81.45,
        "digital_value": 0
      }
    },
    "system_info": {
      "battery_level": 96,
      "sampling_interval": 3600
    }
  }
}