{
  "sensor_data": {
    "metadata": {
      "device_id": "UPS-SENSOR-003",
      "location": "Auditorio Central",
      "timestamp": "2025-12-10T16:45:37",
      "latitude": -2.1703,
      "longitude": -79.9227
    },
    "readings": {
      "scd30": {
        "co2": 503.23,
        "temperature": 31.5,
        "humidity": 73.34
      },
      "bme280": {
        "temperature": 31.64,
        "humidity": 74.71,
        "pressure": 1015.41
      },
      "mq135": {
        "analog_value": 15.75,
        "digital_value": 0
      }
    },
    "system_info": {
      "battery_level": 92,
      "sampling_interval": 3600
    }
  }
}