{
  "sensor_data": {
    "metadata": {
      "device_id": "UPS-SENSOR-005",
      "location": "Laboratorio de Ciencias",
      "timestamp": "2025-12-05T22:45:55",
      "latitude": -2.171,
      "longitude": -79.9218
    },
    "readings": {
      "scd30": {
        "co2": 1037.34,
        "temperature": 30.35,
        "humidity": 64.57
      },
      "bme280": {
        "temperature": 30.05,
        "humidity": 63.25,
        "pressure": 1010.06
      },
      "mq135": {
        "analog_value": 199.69,
        "digital_value": 1
      }
    },
    "system_info": {
      "battery_level": 93,
      "sampling_interval": 3600
    }
  }
}