{
  "sensor_data": {
    "metadata": {
      "device_id": "UPS-SENSOR-005",
      "location": "Auditorio Central",
      "timestamp": "2025-12-03T13:45:40",
      "latitude": -2.1703,
      "longitude": -79.9227
    },
    "readings": {
      "scd30": {
        "co2": 1095.57,
        "temperature": 29.2,
        "humidity": 86.56
      },
      "bme280": {
        "temperature": 29.21,
        "humidity": 85.97,
        "pressure": 1014.33
      },
      "mq135": {
        "analog_value": 106.59,
        "digital_value": 1
      }
    },
    "system_info": {
      "battery_level": 99,
      "sampling_interval": 3600
    }
  }
}