{
  "sensor_data": {
    "metadata": {
      "device_id": "UPS-SENSOR-005",
      "location": "Cafetería Principal",
      "timestamp": "2025-12-09T16:15:06",
      "latitude": -2.1705,
      "longitude": -79.9223
    },
    "readings": {
      "scd30": {
        "co2": 1097.35,
        "temperature": 31.73,
        "humidity": 78.32
      },
      "bme280": {
        "temperature": 31.71,
        "humidity": 79.42,
        "pressure": 1014.6
      },
      "mq135": {
        "analog_value": 103.5,
        "digital_value": 1
      }
    },
    "system_info": {
      "battery_level": 96,
      "sampling_interval": 3600
    }
  }
}