{
  "sensor_data": {
    "metadata": {
      "device_id": "UPS-SENSOR-005",
      "location": "Auditorio Central",
      "timestamp": "2025-12-01T13:00:17",
      "latitude": -2.1703,
      "longitude": -79.9227
    },
    "readings": {
      "scd30": {
        "co2": 837.85,
        "temperature": 27.9,
        "humidity": 83.58
      },
      "bme280": {
        "temperature": 27.66,
        "humidity": 84.18,
        "pressure": 1013.07
      },
      "mq135": {
        "analog_value": 67.11,
        "digital_value": 0
      }
    },
    "system_info": {
      "battery_level": 95,
      "sampling_interval": 3600
    }
  }
}