{
  "sensor_data": {
    "metadata": {
      "device_id": "UPS-SENSOR-003",
      "location": "Biblioteca Central",
      "timestamp": "2025-12-04T08:30:07",
      "latitude": -2.1708,
      "longitude": -79.9225
    },
    "readings": {
      "scd30": {
        "co2": 1345.9,
        "temperature": 27.37,
        "humidity": 79.25
      },
      "bme280": {
        "temperature": 27.41,
        "humidity": 78.05,
        "pressure": 1012.68
      },
      "mq135": {
        "analog_value": 263.35,
        "digital_value": 1
      }
    },
    "system_info": {
      "battery_level": 95,
      "sampling_interval": 3600
    }
  }
}