{
  "sensor_data": {
    "metadata": {
      "device_id": "UPS-SENSOR-001",
      "location": "Estacionamiento Norte",
      "timestamp": "2025-12-05T06:15:20",
      "latitude": -2.1715,
      "longitude": -79.9215
    },
    "readings": {
      "scd30": {
        "co2": 1543.82,
        "temperature": 29.55,
        "humidity": 66.69
      },
      "bme280": {
        "temperature": 29.4,
        "humidity": 65.43,
        "pressure": 1011.17
      },
      "mq135": {
        "analog_value": 383.47,
        "digital_value": 1
      }
    },
    "system_info": {
      "battery_level": 94,
      "sampling_interval": 3600
    }
  }
}