{
  "sensor_data": {
    "metadata": {
      "device_id": "UPS-SENSOR-003",
      "location": "Edificio de Ingeniería - Piso 3",
      "timestamp": "2025-12-02T04:30:03",
      "latitude": -2.1712,
      "longitude": -79.9221
    },
    "readings": {
      "scd30": {
        "co2": 783.38,
        "temperature": 26.44,
        "humidity": 58.65
      },
      "bme280": {
        "temperature": 26.28,
        "humidity": 57.82,
        "pressure": 1013.46
      },
      "mq135": {
        "analog_value": 160.37,
        "digital_value": 0
      }
    },
    "system_info": {
      "battery_level": 95,
      "sampling_interval": 3600
    }
  }
}