{
  "sensor_data": {
    "metadata": {
      "device_id": "UPS-SENSOR-005",
      "location": "Laboratorio de Ciencias",
      "timestamp": "2025-12-06T03:45:48",
      "latitude": -2.171,
      "longitude": -79.9218
    },
    "readings": {
      "scd30": {
        "co2": 402.07,
        "temperature": 24.75,
        "humidity": 71.97
      },
      "bme280": {
        "temperature": 24.85,
        "humidity": 70.35,
        "pressure": 1010.71
      },
      "mq135": {
        "analog_value": 76.99,
        "digital_value": 0
      }
    },
    "system_info": {
      "battery_level": 95,
      "sampling_interval": 3600
    }
  }
}