{
  "sensor_data": {
    "metadata": {
      "device_id": "UPS-SENSOR-003",
      "location": "Estacionamiento Norte",
      "timestamp": "2025-12-09T02:15:50",
      "latitude": -2.1715,
      "longitude": -79.9215
    },
    "readings": {
      "scd30": {
        "co2": 1007.83,
        "temperature": 25.66,
        "humidity": 63.4
      },
      "bme280": {
        "temperature": 25.68,
        "humidity": 61.83,
        "pressure": 1014.85
      },
      "mq135": {
        "analog_value": 249.12,
        "digital_value": 1
      }
    },
    "system_info": {
      "battery_level": 86,
      "sampling_interval": 3600
    }
  }
}