{
  "sensor_data": {
    "metadata": {
      "device_id": "UPS-SENSOR-001",
      "location": "Campus Centenario - UPS Guayaquil",
      "timestamp": "2025-12-05T21:30:03",
      "latitude": -2.170998,
      "longitude": -79.922356
    },
    "readings": {
      "scd30": {
        "co2": 620.56,
        "temperature": 29.84,
        "humidity": 56.8
      },
      "bme280": {
        "temperature": 30.12,
        "humidity": 56.8,
        "pressure": 1012.85
      },
      "mq135": {
        "analog_value": 119.04,
        "digital_value": 0
      }
    },
    "system_info": {
      "battery_level": 92,
      "sampling_interval": 3600
    }
  }
}