{
  "sensor_data": {
    "metadata": {
      "device_id": "UPS-SENSOR-005",
      "location": "Edificio de Ingeniería - Piso 3",
      "timestamp": "2025-12-06T06:00:27",
      "latitude": -2.1712,
      "longitude": -79.9221
    },
    "readings": {
      "scd30": {
        "co2": 645.69,
        "temperature": 26.32,
        "humidity": 72.24
      },
      "bme280": {
        "temperature": 26.03,
        "humidity": 73.89,
        "pressure": 1013.31
      },
      "mq135": {
        "analog_value": 108.3,
        "digital_value": 0
      }
    },
    "system_info": {
      "battery_level": 87,
      "sampling_interval": 3600
    }
  }
}