{
  "sensor_data": {
    "metadata": {
      "device_id": "UPS-SENSOR-004",
      "location": "Edificio de Ingeniería - Piso 3",
      "timestamp": "2025-12-05T23:15:17",
      "latitude": -2.1712,
      "longitude": -79.9221
    },
    "readings": {
      "scd30": {
        "co2": 1121.18,
        "temperature": 31.46,
        "humidity": 56.4
      },
      "bme280": {
        "temperature": 31.68,
        "humidity": 55.56,
        "pressure": 1014.73
      },
      "mq135": {
        "analog_value": 176.78,
        "digital_value": 1
      }
    },
    "system_info": {
      "battery_level": 87,
      "sampling_interval": 3600
    }
  }
}