{
  "sensor_data": {
    "metadata": {
      "device_id": "UPS-SENSOR-003",
      "location": "Área Deportiva",
      "timestamp": "2025-12-06T13:45:50",
      "latitude": -2.172,
      "longitude": -79.922
    },
    "readings": {
      "scd30": {
        "co2": 496.01,
        "temperature": 23.45,
        "humidity": 91.17
      },
      "bme280": {
        "temperature": 23.65,
        "humidity": 92.09,
        "pressure": 1014.86
      },
      "mq135": {
        "analog_value": 12.06,
        "digital_value": 0
      }
    },
    "system_info": {
      "battery_level": 93,
      "sampling_interval": 3600
    }
  }
}