{
  "sensor_data": {
    "metadata": {
      "device_id": "UPS-SENSOR-002",
      "location": "Biblioteca Central",
      "timestamp": "2025-12-03T07:15:22",
      "latitude": -2.1708,
      "longitude": -79.9225
    },
    "readings": {
      "scd30": {
        "co2": 1311.52,
        "temperature": 27.39,
        "humidity": 73.79
      },
      "bme280": {
        "temperature": 27.24,
        "humidity": 73.12,
        "pressure": 1014.03
      },
      "mq135": {
        "analog_value": 249.36,
        "digital_value": 1
      }
    },
    "system_info": {
      "battery_level": 90,
      "sampling_interval": 3600
    }
  }
}