{
  "sensor_data": {
    "metadata": {
      "device_id": "UPS-SENSOR-005",
      "location": "Campus Centenario - UPS Guayaquil",
      "timestamp": "2025-12-03T12:15:25",
      "latitude": -2.170998,
      "longitude": -79.922356
    },
    "readings": {
      "scd30": {
        "co2": 1268.56,
        "temperature": 29.54,
        "humidity": 73.77
      },
      "bme280": {
        "temperature": 29.66,
        "humidity": 71.98,
        "pressure": 1010.88
      },
      "mq135": {
        "analog_value": 228.56,
        "digital_value": 1
      }
    },
    "system_info": {
      "battery_level": 95,
      "sampling_interval": 3600
    }
  }
}