{
  "sensor_data": {
    "metadata": {
      "device_id": "UPS-SENSOR-003",
      "location": "Auditorio Central",
      "timestamp": "2025-12-08T17:15:50",
      "latitude": -2.1703,
      "longitude": -79.9227
    },
    "readings": {
      "scd30": {
        "co2": 743.32,
        "temperature": 28.94,
        "humidity": 58.03
      },
      "bme280": {
        "temperature": 28.6,
        "humidity": 56.2,
        "pressure": 1010.47
      },
      "mq135": {
        "analog_value": 157.64,
        "digital_value": 0
      }
    },
    "system_info": {
      "battery_level": 95,
      "sampling_interval": 3600
    }
  }
}