{
  "sensor_data": {
    "metadata": {
      "device_id": "UPS-SENSOR-005",
      "location": "Campus Centenario - UPS Guayaquil",
      "timestamp": "2025-12-04T10:00:31",
      "latitude": -2.170998,
      "longitude": -79.922356
    },
    "readings": {
      "scd30": {
        "co2": 809.02,
        "temperature": 27.79,
        "humidity": 63.49
      },
      "bme280": {
        "temperature": 27.31,
        "humidity": 62.95,
        "pressure": 1013.8
      },
      "mq135": {
        "analog_value": 194.95,
        "digital_value": 0
      }
    },
    "system_info": {
      "battery_level": 95,
      "sampling_interval": 3600
    }
  }
}