{
  "sensor_data": {
    "metadata": {
      "device_id": "UPS-SENSOR-001",
      "location": "Auditorio Central",
      "timestamp": "2025-12-08T21:30:26",
      "latitude": -2.1703,
      "longitude": -79.9227
    },
    "readings": {
      "scd30": {
        "co2": 580.53,
        "temperature": 29.67,
        "humidity": 63.92
      },
      "bme280": {
        "temperature": 29.27,
        "humidity": 64.46,
        "pressure": 1013.79
      },
      "mq135": {
        "analog_value": 129.45,
        "digital_value": 0
      }
    },
    "system_info": {
      "battery_level": 86,
      "sampling_interval": 3600
    }
  }
}