{
  "sensor_data": {
    "metadata": {
      "device_id": "UPS-SENSOR-004",
      "location": "Área Deportiva",
      "timestamp": "2025-12-03T09:45:54",
      "latitude": -2.172,
      "longitude": -79.922
    },
    "readings": {
      "scd30": {
        "co2": 402.54,
        "temperature": 19.84,
        "humidity": 95.0
      },
      "bme280": {
        "temperature": 20.02,
        "humidity": 94.66,
        "pressure": 1015.46
      },
      "mq135": {
        "analog_value": 19.66,
        "digital_value": 0
      }
    },
    "system_info": {
      "battery_level": 95,
      "sampling_interval": 3600
    }
  }
}