{
  "sensor_data": {
    "metadata": {
      "device_id": "UPS-SENSOR-002",
      "location": "Área Deportiva",
      "timestamp": "2025-12-07T16:45:56",
      "latitude": -2.172,
      "longitude": -79.922
    },
    "readings": {
      "scd30": {
        "co2": 348.81,
        "temperature": 27.75,
        "humidity": 75.19
      },
      "bme280": {
        "temperature": 27.96,
        "humidity": 75.87,
        "pressure": 1013.87
      },
      "mq135": {
        "analog_value": 0,
        "digital_value": 0
      }
    },
    "system_info": {
      "battery_level": 98,
      "sampling_interval": 3600
    }
  }
}