{
  "sensor_data": {
    "metadata": {
      "device_id": "UPS-SENSOR-001",
      "location": "Biblioteca Central",
      "timestamp": "2025-12-05T15:15:50",
      "latitude": -2.1708,
      "longitude": -79.9225
    },
    "readings": {
      "scd30": {
        "co2": 2978.88,
        "temperature": 37.19,
        "humidity": 62.91
      },
      "bme280": {
        "temperature": 36.87,
        "humidity": 63.5,
        "pressure": 1014.35
      },
      "mq135": {
        "analog_value": 515.68,
        "digital_value": 1
      }
    },
    "system_info": {
      "battery_level": 88,
      "sampling_interval": 3600
    }
  }
}