{
  "sensor_data": {
    "metadata": {
      "device_id": "UPS-SENSOR-003",
      "location": "Biblioteca Central",
      "timestamp": "2025-12-06T10:00:17",
      "latitude": -2.1708,
      "longitude": -79.9225
    },
    "readings": {
      "scd30": {
        "co2": 630.65,
        "temperature": 27.15,
        "humidity": 80.61
      },
      "bme280": {
        "temperature": 26.73,
        "humidity": 79.27,
        "pressure": 1011.32
      },
      "mq135": {
        "analog_value": 121.57,
        "digital_value": 0
      }
    },
    "system_info": {
      "battery_level": 95,
      "sampling_interval": 3600
    }
  }
}