{
  "sensor_data": {
    "metadata": {
      "device_id": "UPS-SENSOR-003",
      "location": "Auditorio Central",
      "timestamp": "2025-12-06T02:45:50",
      "latitude": -2.1703,
      "longitude": -79.9227
    },
    "readings": {
      "scd30": {
        "co2": 471.68,
        "temperature": 24.68,
        "humidity": 72.96
      },
      "bme280": {
        "temperature": 25.04,
        "humidity": 74.84,
        "pressure": 1010.69
      },
      "mq135": {
        "analog_value": 117.79,
        "digital_value": 0
      }
    },
    "system_info": {
      "battery_level": 95,
      "sampling_interval": 3600
    }
  }
}