{
  "sensor_data": {
    "metadata": {
      "device_id": "UPS-SENSOR-003",
      "location": "Auditorio Central",
      "timestamp": "2025-12-03T13:30:38",
      "latitude": -2.1703,
      "longitude": -79.9227
    },
    "readings": {
      "scd30": {
        "co2": 634.49,
        "temperature": 27.72,
        "humidity": 64.87
      },
      "bme280": {
        "temperature": 27.57,
        "humidity": 66.39,
        "pressure": 1010.86
      },
      "mq135": {
        "analog_value": 158.51,
        "digital_value": 0
      }
    },
    "system_info": {
      "battery_level": 94,
      "sampling_interval": 3600
    }
  }
}