{
  "sensor_data": {
    "metadata": {
      "device_id": "UPS-SENSOR-003",
      "location": "Estacionamiento Norte",
      "timestamp": "2025-12-06T02:00:50",
      "latitude": -2.1715,
      "longitude": -79.9215
    },
    "readings": {
      "scd30": {
        "co2": 336.61,
        "temperature": 24.41,
        "humidity": 65.12
      },
      "bme280": {
        "temperature": 24.61,
        "humidity": 67.04,
        "pressure": 1011.4
      },
      "mq135": {
        "analog_value": 84.12,
        "digital_value": 0
      }
    },
    "system_info": {
      "battery_level": 95,
      "sampling_interval": 3600
    }
  }
}