{
  "sensor_data": {
    "metadata": {
      "device_id": "UPS-SENSOR-005",
      "location": "Edificio de Ingeniería - Piso 3",
      "timestamp": "2025-12-10T21:15:12",
      "latitude": -2.1712,
      "longitude": -79.9221
    },
    "readings": {
      "scd30": {
        "co2": 1935.18,
        "temperature": 34.61,
        "humidity": 58.18
      },
      "bme280": {
        "temperature": 34.53,
        "humidity": 59.36,
        "pressure": 1014.76
      },
      "mq135": {
        "analog_value": 229.07,
        "digital_value": 1
      }
    },
    "system_info": {
      "battery_level": 94,
      "sampling_interval": 3600
    }
  }
}