{
  "sensor_data": {
    "metadata": {
      "device_id": "UPS-SENSOR-003",
      "location": "Área Deportiva",
      "timestamp": "2025-12-04T13:15:05",
      "latitude": -2.172,
      "longitude": -79.922
    },
    "readings": {
      "scd30": {
        "co2": 516.67,
        "temperature": 22.76,
        "humidity": 87.51
      },
      "bme280": {
        "temperature": 22.99,
        "humidity": 86.73,
        "pressure": 1014.47
      },
      "mq135": {
        "analog_value": 14.51,
        "digital_value": 0
      }
    },
    "system_info": {
      "battery_level": 97,
      "sampling_interval": 3600
    }
  }
}