{
  "sensor_data": {
    "metadata": {
      "device_id": "UPS-SENSOR-003",
      "location": "Área Deportiva",
      "timestamp": "2025-12-05T08:45:36",
      "latitude": -2.172,
      "longitude": -79.922
    },
    "readings": {
      "scd30": {
        "co2": 620.01,
        "temperature": 20.25,
        "humidity": 87.7
      },
      "bme280": {
        "temperature": 20.37,
        "humidity": 86.99,
        "pressure": 1015.68
      },
      "mq135": {
        "analog_value": 30.32,
        "digital_value": 0
      }
    },
    "system_info": {
      "battery_level": 100,
      "sampling_interval": 3600
    }
  }
}