{
  "sensor_data": {
    "metadata": {
      "device_id": "UPS-SENSOR-004",
      "location": "Edificio de Ingeniería - Piso 3",
      "timestamp": "2025-12-08T02:30:06",
      "latitude": -2.1712,
      "longitude": -79.9221
    },
    "readings": {
      "scd30": {
        "co2": 967.7,
        "temperature": 26.26,
        "humidity": 62.84
      },
      "bme280": {
        "temperature": 26.17,
        "humidity": 63.61,
        "pressure": 1010.98
      },
      "mq135": {
        "analog_value": 183.6,
        "digital_value": 0
      }
    },
    "system_info": {
      "battery_level": 93,
      "sampling_interval": 3600
    }
  }
}