{
  "sensor_data": {
    "metadata": {
      "device_id": "UPS-SENSOR-001",
      "location": "Biblioteca Central",
      "timestamp": "2025-12-05T13:45:25",
      "latitude": -2.1708,
      "longitude": -79.9225
    },
    "readings": {
      "scd30": {
        "co2": 1007.25,
        "temperature": 28.58,
        "humidity": 81.66
      },
      "bme280": {
        "temperature": 28.8,
        "humidity": 82.75,
        "pressure": 1015.2
      },
      "mq135": {
        "analog_value": 90.17,
        "digital_value": 1
      }
    },
    "system_info": {
      "battery_level": 96,
      "sampling_interval": 3600
    }
  }
}