{
  "sensor_data": {
    "metadata": {
      "device_id": "UPS-SENSOR-002",
      "location": "Cafetería Principal",
      "timestamp": "2025-12-04T17:30:44",
      "latitude": -2.1705,
      "longitude": -79.9223
    },
    "readings": {
      "scd30": {
        "co2": 1664.67,
        "temperature": 30.96,
        "humidity": 71.43
      },
      "bme280": {
        "temperature": 31.3,
        "humidity": 73.24,
        "pressure": 1013.16
      },
      "mq135": {
        "analog_value": 387.32,
        "digital_value": 1
      }
    },
    "system_info": {
      "battery_level": 89,
      "sampling_interval": 3600
    }
  }
}