{
  "sensor_data": {
    "metadata": {
      "device_id": "UPS-SENSOR-004",
      "location": "Edificio de Ingeniería - Piso 3",
      "timestamp": "2025-12-08T18:15:31",
      "latitude": -2.1712,
      "longitude": -79.9221
    },
    "readings": {
      "scd30": {
        "co2": 675.6,
        "temperature": 29.23,
        "humidity": 58.17
      },
      "bme280": {
        "temperature": 29.06,
        "humidity": 59.81,
        "pressure": 1013.74
      },
      "mq135": {
        "analog_value": 125.95,
        "digital_value": 0
      }
    },
    "system_info": {
      "battery_level": 91,
      "sampling_interval": 3600
    }
  }
}