{
  "sensor_data": {
    "metadata": {
      "device_id": "UPS-SENSOR-004",
      "location": "Biblioteca Central",
      "timestamp": "2025-12-05T20:15:32",
      "latitude": -2.1708,
      "longitude": -79.9225
    },
    "readings": {
      "scd30": {
        "co2": 825.12,
        "temperature": 35.28,
        "humidity": 61.84
      },
      "bme280": {
        "temperature": 35.04,
        "humidity": 61.46,
        "pressure": 1014.75
      },
      "mq135": {
        "analog_value": 99.76,
        "digital_value": 0
      }
    },
    "system_info": {
      "battery_level": 95,
      "sampling_interval": 3600
    }
  }
}