{
  "sensor_data": {
    "metadata": {
      "device_id": "UPS-SENSOR-004",
      "location": "Edificio de Ingeniería - Piso 3",
      "timestamp": "2025-12-01T09:45:43",
      "latitude": -2.1712,
      "longitude": -79.9221
    },
    "readings": {
      "scd30": {
        "co2": 985.71,
        "temperature": 28.0,
        "humidity": 76.15
      },
      "bme280": {
        "temperature": 28.09,
        "humidity": 74.25,
        "pressure": 1012.69
      },
      "mq135": {
        "analog_value": 153.23,
        "digital_value": 0
      }
    },
    "system_info": {
      "battery_level": 90,
      "sampling_interval": 3600
    }
  }
}