{
  "sensor_data": {
    "metadata": {
      "device_id": "UPS-SENSOR-003",
      "location": "Biblioteca Central",
      "timestamp": "2025-12-04T04:00:00",
      "latitude": -2.1708,
      "longitude": -79.9225
    },
    "readings": {
      "scd30": {
        "co2": 370.98,
        "temperature": 24.94,
        "humidity": 64.01
      },
      "bme280": {
        "temperature": 25.38,
        "humidity": 64.67,
        "pressure": 1012.36
      },
      "mq135": {
        "analog_value": 86.31,
        "digital_value": 0
      }
    },
    "system_info": {
      "battery_level": 90,
      "sampling_interval": 3600
    }
  }
}