{
  "sensor_data": {
    "metadata": {
      "device_id": "UPS-SENSOR-001",
      "location": "Cafetería Principal",
      "timestamp": "2025-12-08T16:45:54",
      "latitude": -2.1705,
      "longitude": -79.9223
    },
    "readings": {
      "scd30": {
        "co2": 1428.96,
        "temperature": 34.1,
        "humidity": 78.14
      },
      "bme280": {
        "temperature": 34.18,
        "humidity": 77.84,
        "pressure": 1014.77
      },
      "mq135": {
        "analog_value": 153.79,
        "digital_value": 1
      }
    },
    "system_info": {
      "battery_level": 100,
      "sampling_interval": 3600
    }
  }
}