{
  "sensor_data": {
    "metadata": {
      "device_id": "UPS-SENSOR-001",
      "location": "Cafetería Principal",
      "timestamp": "2025-12-02T11:30:49",
      "latitude": -2.1705,
      "longitude": -79.9223
    },
    "readings": {
      "scd30": {
        "co2": 744.96,
        "temperature": 27.98,
        "humidity": 81.96
      },
      "bme280": {
        "temperature": 28.44,
        "humidity": 83.83,
        "pressure": 1013.34
      },
      "mq135": {
        "analog_value": 165.36,
        "digital_value": 0
      }
    },
    "system_info": {
      "battery_level": 94,
      "sampling_interval": 3600
    }
  }
}