{
  "sensor_data": {
    "metadata": {
      "device_id": "UPS-SENSOR-002",
      "location": "Campus Centenario - UPS Guayaquil",
      "timestamp": "2025-12-05T10:15:44",
      "latitude": -2.170998,
      "longitude": -79.922356
    },
    "readings": {
      "scd30": {
        "co2": 806.29,
        "temperature": 22.91,
        "humidity": 91.12
      },
      "bme280": {
        "temperature": 22.8,
        "humidity": 92.19,
        "pressure": 1015.31
      },
      "mq135": {
        "analog_value": 62.58,
        "digital_value": 0
      }
    },
    "system_info": {
      "battery_level": 99,
      "sampling_interval": 3600
    }
  }
}