{
  "sensor_data": {
    "metadata": {
      "device_id": "UPS-SENSOR-003",
      "location": "Estacionamiento Norte",
      "timestamp": "2025-12-01T05:30:23",
      "latitude": -2.1715,
      "longitude": -79.9215
    },
    "readings": {
      "scd30": {
        "co2": 1411.4,
        "temperature": 27.16,
        "humidity": 62.19
      },
      "bme280": {
        "temperature": 27.14,
        "humidity": 63.18,
        "pressure": 1012.89
      },
      "mq135": {
        "analog_value": 226.74,
        "digital_value": 1
      }
    },
    "system_info": {
      "battery_level": 95,
      "sampling_interval": 3600
    }
  }
}