{
  "sensor_data": {
    "metadata": {
      "device_id": "UPS-SENSOR-004",
      "location": "Área Deportiva",
      "timestamp": "2025-12-01T09:00:00",
      "latitude": -2.172,
      "longitude": -79.922
    },
    "readings": {
      "scd30": {
        "co2": 771.11,
        "temperature": 27.35,
        "humidity": 75.97
      },
      "bme280": {
        "temperature": 27.6,
        "humidity": 76.22,
        "pressure": 1012.31
      },
      "mq135": {
        "analog_value": 128.17,
        "digital_value": 0
      }
    },
    "system_info": {
      "battery_level": 89,
      "sampling_interval": 3600
    }
  }
}