{
  "sensor_data": {
    "metadata": {
      "device_id": "UPS-SENSOR-001",
      "location": "Área Deportiva",
      "timestamp": "2025-12-06T04:30:20",
      "latitude": -2.172,
      "longitude": -79.922
    },
    "readings": {
      "scd30": {
        "co2": 446.21,
        "temperature": 25.12,
        "humidity": 55.69
      },
      "bme280": {
        "temperature": 25.46,
        "humidity": 54.3,
        "pressure": 1013.76
      },
      "mq135": {
        "analog_value": 93.61,
        "digital_value": 0
      }
    },
    "system_info": {
      "battery_level": 91,
      "sampling_interval": 3600
    }
  }
}