{
  "sensor_data": {
    "metadata": {
      "device_id": "UPS-SENSOR-002",
      "location": "Auditorio Central",
      "timestamp": "2025-12-04T22:00:19",
      "latitude": -2.1703,
      "longitude": -79.9227
    },
    "readings": {
      "scd30": {
        "co2": 1162.96,
        "temperature": 32.36,
        "humidity": 57.45
      },
      "bme280": {
        "temperature": 31.87,
        "humidity": 56.73,
        "pressure": 1010.68
      },
      "mq135": {
        "analog_value": 273.06,
        "digital_value": 1
      }
    },
    "system_info": {
      "battery_level": 88,
      "sampling_interval": 3600
    }
  }
}