{
  "sensor_data": {
    "metadata": {
      "device_id": "UPS-SENSOR-002",
      "location": "Estacionamiento Norte",
      "timestamp": "2025-12-08T12:00:14",
      "latitude": -2.1715,
      "longitude": -79.9215
    },
    "readings": {
      "scd30": {
        "co2": 1017.31,
        "temperature": 29.25,
        "humidity": 64.37
      },
      "bme280": {
        "temperature": 29.28,
        "humidity": 62.67,
        "pressure": 1012.4
      },
      "mq135": {
        "analog_value": 184.31,
        "digital_value": 1
      }
    },
    "system_info": {
      "battery_level": 87,
      "sampling_interval": 3600
    }
  }
}