{
  "sensor_data": {
    "metadata": {
      "device_id": "UPS-SENSOR-003",
      "location": "Cafetería Principal",
      "timestamp": "2025-12-10T22:15:32",
      "latitude": -2.1705,
      "longitude": -79.9223
    },
    "readings": {
      "scd30": {
        "co2": 662.89,
        "temperature": 33.72,
        "humidity": 63.62
      },
      "bme280": {
        "temperature": 33.73,
        "humidity": 63.08,
        "pressure": 1015.13
      },
      "mq135": {
        "analog_value": 41.59,
        "digital_value": 0
      }
    },
    "system_info": {
      "battery_level": 96,
      "sampling_interval": 3600
    }
  }
}