{
  "sensor_data": {
    "metadata": {
      "device_id": "UPS-SENSOR-005",
      "location": "Cafetería Principal",
      "timestamp": "2025-12-11T07:30:19",
      "latitude": -2.1705,
      "longitude": -79.9223
    },
    "readings": {
      "scd30": {
        "co2": 1316.82,
        "temperature": 24.62,
        "humidity": 92.01
      },
      "bme280": {
        "temperature": 24.7,
        "humidity": 91.48,
        "pressure": 1014.46
      },
      "mq135": {
        "analog_value": 137.62,
        "digital_value": 1
      }
    },
    "system_info": {
      "battery_level": 92,
      "sampling_interval": 3600
    }
  }
}