{
  "sensor_data": {
    "metadata": {
      "device_id": "UPS-SENSOR-002",
      "location": "Estacionamiento Norte",
      "timestamp": "2025-12-06T15:00:15",
      "latitude": -2.1715,
      "longitude": -79.9215
    },
    "readings": {
      "scd30": {
        "co2": 674.87,
        "temperature": 28.67,
        "humidity": 59.23
      },
      "bme280": {
        "temperature": 28.28,
        "humidity": 61.03,
        "pressure": 1014.58
      },
      "mq135": {
        "analog_value": 108.44,
        "digital_value": 0
      }
    },
    "system_info": {
      "battery_level": 95,
      "sampling_interval": 3600
    }
  }
}