{
  "sensor_data": {
    "metadata": {
      "device_id": "UPS-SENSOR-005",
      "location": "Área Deportiva",
      "timestamp": "2025-12-01T21:00:08",
      "latitude": -2.172,
      "longitude": -79.922
    },
    "readings": {
      "scd30": {
        "co2": 856.23,
        "temperature": 30.02,
        "humidity": 55.23
      },
      "bme280": {
        "temperature": 30.14,
        "humidity": 54.68,
        "pressure": 1013.83
      },
      "mq135": {
        "analog_value": 169.39,
        "digital_value": 0
      }
    },
    "system_info": {
      "battery_level": 95,
      "sampling_interval": 3600
    }
  }
}