{
  "sensor_data": {
    "metadata": {
      "device_id": "UPS-SENSOR-002",
      "location": "Estacionamiento Norte",
      "timestamp": "2025-12-08T06:30:47",
      "latitude": -2.1715,
      "longitude": -79.9215
    },
    "readings": {
      "scd30": {
        "co2": 786.48,
        "temperature": 22.12,
        "humidity": 80.98
      },
      "bme280": {
        "temperature": 22.07,
        "humidity": 80.8,
        "pressure": 1014.77
      },
      "mq135": {
        "analog_value": 57.3,
        "digital_value": 0
      }
    },
    "system_info": {
      "battery_level": 95,
      "sampling_interval": 3600
    }
  }
}