{
  "sensor_data": {
    "metadata": {
      "device_id": "UPS-SENSOR-004",
      "location": "Biblioteca Central",
      "timestamp": "2025-12-05T19:00:55",
      "latitude": -2.1708,
      "longitude": -79.9225
    },
    "readings": {
      "scd30": {
        "co2": 1022.52,
        "temperature": 30.97,
        "humidity": 65.06
      },
      "bme280": {
        "temperature": 31.28,
        "humidity": 64.53,
        "pressure": 1010.95
      },
      "mq135": {
        "analog_value": 162.04,
        "digital_value": 1
      }
    },
    "system_info": {
      "battery_level": 95,
      "sampling_interval": 3600
    }
  }
}