{
  "sensor_data": {
    "metadata": {
      "device_id": "UPS-SENSOR-002",
      "location": "Laboratorio de Ciencias",
      "timestamp": "2025-12-04T23:00:05",
      "latitude": -2.171,
      "longitude": -79.9218
    },
    "readings": {
      "scd30": {
        "co2": 464.88,
        "temperature": 29.96,
        "humidity": 59.09
      },
      "bme280": {
        "temperature": 29.53,
        "humidity": 59.88,
        "pressure": 1014.14
      },
      "mq135": {
        "analog_value": 93.31,
        "digital_value": 0
      }
    },
    "system_info": {
      "battery_level": 93,
      "sampling_interval": 3600
    }
  }
}