{
  "sensor_data": {
    "metadata": {
      "device_id": "UPS-SENSOR-005",
      "location": "Biblioteca Central",
      "timestamp": "2025-12-01T14:00:33",
      "latitude": -2.1708,
      "longitude": -79.9225
    },
    "readings": {
      "scd30": {
        "co2": 883.75,
        "temperature": 28.59,
        "humidity": 60.39
      },
      "bme280": {
        "temperature": 29.01,
        "humidity": 61.09,
        "pressure": 1014.01
      },
      "mq135": {
        "analog_value": 141.07,
        "digital_value": 0
      }
    },
    "system_info": {
      "battery_level": 90,
      "sampling_interval": 3600
    }
  }
}