{
  "sensor_data": {
    "metadata": {
      "device_id": "UPS-SENSOR-003",
      "location": "Auditorio Central",
      "timestamp": "2025-12-04T17:15:43",
      "latitude": -2.1703,
      "longitude": -79.9227
    },
    "readings": {
      "scd30": {
        "co2": 771.21,
        "temperature": 29.58,
        "humidity": 68.22
      },
      "bme280": {
        "temperature": 29.69,
        "humidity": 68.72,
        "pressure": 1011.06
      },
      "mq135": {
        "analog_value": 157.46,
        "digital_value": 0
      }
    },
    "system_info": {
      "battery_level": 92,
      "sampling_interval": 3600
    }
  }
}