{
  "sensor_data": {
    "metadata": {
      "device_id": "UPS-SENSOR-003",
      "location": "Campus Centenario - UPS Guayaquil",
      "timestamp": "2025-12-08T06:45:36",
      "latitude": -2.170998,
      "longitude": -79.922356
    },
    "readings": {
      "scd30": {
        "co2": 2717.5,
        "temperature": 29.24,
        "humidity": 65.29
      },
      "bme280": {
        "temperature": 29.16,
        "humidity": 65.08,
        "pressure": 1011.32
      },
      "mq135": {
        "analog_value": 544.52,
        "digital_value": 1
      }
    },
    "system_info": {
      "battery_level": 92,
      "sampling_interval": 3600
    }
  }
}