{
  "sensor_data": {
    "metadata": {
      "device_id": "UPS-SENSOR-005",
      "location": "Estacionamiento Norte",
      "timestamp": "2025-12-04T07:15:03",
      "latitude": -2.1715,
      "longitude": -79.9215
    },
    "readings": {
      "scd30": {
        "co2": 457.42,
        "temperature": 25.86,
        "humidity": 78.45
      },
      "bme280": {
        "temperature": 25.45,
        "humidity": 77.04,
        "pressure": 1010.56
      },
      "mq135": {
        "analog_value": 110.58,
        "digital_value": 0
      }
    },
    "system_info": {
      "battery_level": 89,
      "sampling_interval": 3600
    }
  }
}