{
  "sensor_data": {
    "metadata": {
      "device_id": "UPS-SENSOR-001",
      "location": "Estacionamiento Norte",
      "timestamp": "2025-12-04T22:00:54",
      "latitude": -2.1715,
      "longitude": -79.9215
    },
    "readings": {
      "scd30": {
        "co2": 569.13,
        "temperature": 30.06,
        "humidity": 61.17
      },
      "bme280": {
        "temperature": 30.55,
        "humidity": 61.14,
        "pressure": 1011.75
      },
      "mq135": {
        "analog_value": 92.34,
        "digital_value": 0
      }
    },
    "system_info": {
      "battery_level": 90,
      "sampling_interval": 3600
    }
  }
}