{
  "sensor_data": {
    "metadata": {
      "device_id": "UPS-SENSOR-005",
      "location": "Laboratorio de Ciencias",
      "timestamp": "2025-12-03T18:00:51",
      "latitude": -2.171,
      "longitude": -79.9218
    },
    "readings": {
      "scd30": {
        "co2": 519.25,
        "temperature": 31.94,
        "humidity": 72.45
      },
      "bme280": {
        "temperature": 32.22,
        "humidity": 73.05,
        "pressure": 1013.55
      },
      "mq135": {
        "analog_value": 18.55,
        "digital_value": 0
      }
    },
    "system_info": {
      "battery_level": 99,
      "sampling_interval": 3600
    }
  }
}