{
  "sensor_data": {
    "metadata": {
      "device_id": "UPS-SENSOR-004",
      "location": "Cafetería Principal",
      "timestamp": "2025-12-02T22:45:20",
      "latitude": -2.1705,
      "longitude": -79.9223
    },
    "readings": {
      "scd30": {
        "co2": 1104.39,
        "temperature": 31.66,
        "humidity": 66.97
      },
      "bme280": {
        "temperature": 31.52,
        "humidity": 68.64,
        "pressure": 1011.77
      },
      "mq135": {
        "analog_value": 232.88,
        "digital_value": 1
      }
    },
    "system_info": {
      "battery_level": 95,
      "sampling_interval": 3600
    }
  }
}