{
  "sensor_data": {
    "metadata": {
      "device_id": "UPS-SENSOR-002",
      "location": "Área Deportiva",
      "timestamp": "2025-12-06T14:15:16",
      "latitude": -2.172,
      "longitude": -79.922
    },
    "readings": {
      "scd30": {
        "co2": 829.7,
        "temperature": 29.04,
        "humidity": 56.24
      },
      "bme280": {
        "temperature": 29.03,
        "humidity": 56.01,
        "pressure": 1013.09
      },
      "mq135": {
        "analog_value": 198.13,
        "digital_value": 0
      }
    },
    "system_info": {
      "battery_level": 95,
      "sampling_interval": 3600
    }
  }
}