{
  "sensor_data": {
    "metadata": {
      "device_id": "UPS-SENSOR-002",
      "location": "Cafetería Principal",
      "timestamp": "2025-12-01T15:45:12",
      "latitude": -2.1705,
      "longitude": -79.9223
    },
    "readings": {
      "scd30": {
        "co2": 710.92,
        "temperature": 28.82,
        "humidity": 56.4
      },
      "bme280": {
        "temperature": 29.26,
        "humidity": 54.53,
        "pressure": 1014.17
      },
      "mq135": {
        "analog_value": 141.85,
        "digital_value": 0
      }
    },
    "system_info": {
      "battery_level": 95,
      "sampling_interval": 3600
    }
  }
}