{
  "sensor_data": {
    "metadata": {
      "device_id": "UPS-SENSOR-002",
      "location": "Campus Centenario - UPS Guayaquil",
      "timestamp": "2025-12-10T12:45:03",
      "latitude": -2.170998,
      "longitude": -79.922356
    },
    "readings": {
      "scd30": {
        "co2": 967.55,
        "temperature": 23.66,
        "humidity": 91.01
      },
      "bme280": {
        "temperature": 23.43,
        "humidity": 91.24,
        "pressure": 1014.96
      },
      "mq135": {
        "analog_value": 110.3,
        "digital_value": 1
      }
    },
    "system_info": {
      "battery_level": 96,
      "sampling_interval": 3600
    }
  }
}