{
  "sensor_data": {
    "metadata": {
      "device_id": "UPS-SENSOR-003",
      "location": "Edificio de Ingeniería - Piso 3",
      "timestamp": "2025-12-02T07:15:00",
      "latitude": -2.1712,
      "longitude": -79.9221
    },
    "readings": {
      "scd30": {
        "co2": 950.35,
        "temperature": 23.87,
        "humidity": 90.44
      },
      "bme280": {
        "temperature": 23.96,
        "humidity": 89.02,
        "pressure": 1014.97
      },
      "mq135": {
        "analog_value": 81.53,
        "digital_value": 0
      }
    },
    "system_info": {
      "battery_level": 98,
      "sampling_interval": 3600
    }
  }
}