{
  "sensor_data": {
    "metadata": {
      "device_id": "UPS-SENSOR-001",
      "location": "Cafetería Principal",
      "timestamp": "2025-12-07T18:45:36",
      "latitude": -2.1705,
      "longitude": -79.9223
    },
    "readings": {
      "scd30": {
        "co2": 303.59,
        "temperature": 28.29,
        "humidity": 72.6
      },
      "bme280": {
        "temperature": 28.64,
        "humidity": 74.52,
        "pressure": 1012.6
      },
      "mq135": {
        "analog_value": 66.33,
        "digital_value": 0
      }
    },
    "system_info": {
      "battery_level": 91,
      "sampling_interval": 3600
    }
  }
}