{
  "sensor_data": {
    "metadata": {
      "device_id": "UPS-SENSOR-005",
      "location": "Cafetería Principal",
      "timestamp": "2025-12-07T21:45:59",
      "latitude": -2.1705,
      "longitude": -79.9223
    },
    "readings": {
      "scd30": {
        "co2": 696.34,
        "temperature": 30.29,
        "humidity": 60.22
      },
      "bme280": {
        "temperature": 30.04,
        "humidity": 61.63,
        "pressure": 1014.39
      },
      "mq135": {
        "analog_value": 104.65,
        "digital_value": 0
      }
    },
    "system_info": {
      "battery_level": 93,
      "sampling_interval": 3600
    }
  }
}