{
  "sensor_data": {
    "metadata": {
      "device_id": "UPS-SENSOR-003",
      "location": "Cafetería Principal",
      "timestamp": "2025-12-02T02:45:57",
      "latitude": -2.1705,
      "longitude": -79.9223
    },
    "readings": {
      "scd30": {
        "co2": 711.66,
        "temperature": 25.24,
        "humidity": 59.84
      },
      "bme280": {
        "temperature": 25.15,
        "humidity": 59.62,
        "pressure": 1012.44
      },
      "mq135": {
        "analog_value": 150.53,
        "digital_value": 0
      }
    },
    "system_info": {
      "battery_level": 95,
      "sampling_interval": 3600
    }
  }
}