{
  "sensor_data": {
    "metadata": {
      "device_id": "UPS-SENSOR-001",
      "location": "Biblioteca Central",
      "timestamp": "2025-12-05T07:30:41",
      "latitude": -2.1708,
      "longitude": -79.9225
    },
    "readings": {
      "scd30": {
        "co2": 1290.21,
        "temperature": 27.56,
        "humidity": 67.61
      },
      "bme280": {
        "temperature": 27.08,
        "humidity": 65.69,
        "pressure": 1013.78
      },
      "mq135": {
        "analog_value": 234.02,
        "digital_value": 1
      }
    },
    "system_info": {
      "battery_level": 92,
      "sampling_interval": 3600
    }
  }
}