{
  "sensor_data": {
    "metadata": {
      "device_id": "UPS-SENSOR-004",
      "location": "Biblioteca Central",
      "timestamp": "2025-12-01T03:30:23",
      "latitude": -2.1708,
      "longitude": -79.9225
    },
    "readings": {
      "scd30": {
        "co2": 512.99,
        "temperature": 24.97,
        "humidity": 74.13
      },
      "bme280": {
        "temperature": 25.09,
        "humidity": 74.19,
        "pressure": 1010.84
      },
      "mq135": {
        "analog_value": 85.53,
        "digital_value": 0
      }
    },
    "system_info": {
      "battery_level": 90,
      "sampling_interval": 3600
    }
  }
}