{
  "sensor_data": {
    "metadata": {
      "device_id": "UPS-SENSOR-001",
      "location": "Biblioteca Central",
      "timestamp": "2025-12-09T16:00:23",
      "latitude": -2.1708,
      "longitude": -79.9225
    },
    "readings": {
      "scd30": {
        "co2": 1488.43,
        "temperature": 30.84,
        "humidity": 67.14
      },
      "bme280": {
        "temperature": 30.96,
        "humidity": 66.69,
        "pressure": 1014.86
      },
      "mq135": {
        "analog_value": 339.07,
        "digital_value": 1
      }
    },
    "system_info": {
      "battery_level": 90,
      "sampling_interval": 3600
    }
  }
}