{
  "sensor_data": {
    "metadata": {
      "device_id": "UPS-SENSOR-002",
      "location": "Área Deportiva",
      "timestamp": "2025-12-10T12:00:38",
      "latitude": -2.172,
      "longitude": -79.922
    },
    "readings": {
      "scd30": {
        "co2": 1754.54,
        "temperature": 30.17,
        "humidity": 63.81
      },
      "bme280": {
        "temperature": 30.15,
        "humidity": 65.18,
        "pressure": 1012.06
      },
      "mq135": {
        "analog_value": 277.84,
        "digital_value": 1
      }
    },
    "system_info": {
      "battery_level": 89,
      "sampling_interval": 3600
    }
  }
}