{
  "sensor_data": {
    "metadata": {
      "device_id": "UPS-SENSOR-005",
      "location": "Auditorio Central",
      "timestamp": "2025-12-10T22:45:09",
      "latitude": -2.1703,
      "longitude": -79.9227
    },
    "readings": {
      "scd30": {
        "co2": 684.65,
        "temperature": 30.03,
        "humidity": 71.85
      },
      "bme280": {
        "temperature": 29.91,
        "humidity": 70.26,
        "pressure": 1011.56
      },
      "mq135": {
        "analog_value": 124.24,
        "digital_value": 0
      }
    },
    "system_info": {
      "battery_level": 87,
      "sampling_interval": 3600
    }
  }
}