{
  "sensor_data": {
    "metadata": {
      "device_id": "UPS-SENSOR-002",
      "location": "Laboratorio de Ciencias",
      "timestamp": "2025-12-06T05:30:45",
      "latitude": -2.171,
      "longitude": -79.9218
    },
    "readings": {
      "scd30": {
        "co2": 642.14,
        "temperature": 25.95,
        "humidity": 71.13
      },
      "bme280": {
        "temperature": 25.73,
        "humidity": 69.18,
        "pressure": 1011.45
      },
      "mq135": {
        "analog_value": 159.48,
        "digital_value": 0
      }
    },
    "system_info": {
      "battery_level": 95,
      "sampling_interval": 3600
    }
  }
}