{
  "sensor_data": {
    "metadata": {
      "device_id": "UPS-SENSOR-005",
      "location": "Laboratorio de Ciencias",
      "timestamp": "2025-12-01T02:45:23",
      "latitude": -2.171,
      "longitude": -79.9218
    },
    "readings": {
      "scd30": {
        "co2": 1167.56,
        "temperature": 25.56,
        "humidity": 61.4
      },
      "bme280": {
        "temperature": 25.67,
        "humidity": 60.69,
        "pressure": 1011.62
      },
      "mq135": {
        "analog_value": 241.53,
        "digital_value": 1
      }
    },
    "system_info": {
      "battery_level": 94,
      "sampling_interval": 3600
    }
  }
}