{
  "sensor_data": {
    "metadata": {
      "device_id": "UPS-SENSOR-002",
      "location": "Biblioteca Central",
      "timestamp": "2025-12-08T15:00:30",
      "latitude": -2.1708,
      "longitude": -79.9225
    },
    "readings": {
      "scd30": {
        "co2": 1537.65,
        "temperature": 31.41,
        "humidity": 69.05
      },
      "bme280": {
        "temperature": 31.85,
        "humidity": 69.43,
        "pressure": 1011.9
      },
      "mq135": {
        "analog_value": 338.24,
        "digital_value": 1
      }
    },
    "system_info": {
      "battery_level": 90,
      "sampling_interval": 3600
    }
  }
}