{
  "sensor_data": {
    "metadata": {
      "device_id": "UPS-SENSOR-002",
      "location": "Auditorio Central",
      "timestamp": "2025-12-05T15:45:26",
      "latitude": -2.1703,
      "longitude": -79.9227
    },
    "readings": {
      "scd30": {
        "co2": 1623.94,
        "temperature": 30.11,
        "humidity": 80.05
      },
      "bme280": {
        "temperature": 30.39,
        "humidity": 80.63,
        "pressure": 1014.95
      },
      "mq135": {
        "analog_value": 179.24,
        "digital_value": 1
      }
    },
    "system_info": {
      "battery_level": 96,
      "sampling_interval": 3600
    }
  }
}