{
  "sensor_data": {
    "metadata": {
      "device_id": "UPS-SENSOR-005",
      "location": "Edificio de Ingeniería - Piso 3",
      "timestamp": "2025-12-04T00:15:51",
      "latitude": -2.1712,
      "longitude": -79.9221
    },
    "readings": {
      "scd30": {
        "co2": 1011.16,
        "temperature": 24.99,
        "humidity": 61.06
      },
      "bme280": {
        "temperature": 25.19,
        "humidity": 62.57,
        "pressure": 1014.06
      },
      "mq135": {
        "analog_value": 170.02,
        "digital_value": 1
      }
    },
    "system_info": {
      "battery_level": 88,
      "sampling_interval": 3600
    }
  }
}