{
  "sensor_data": {
    "metadata": {
      "device_id": "UPS-SENSOR-003",
      "location": "Biblioteca Central",
      "timestamp": "2025-12-09T04:15:12",
      "latitude": -2.1708,
      "longitude": -79.9225
    },
    "readings": {
      "scd30": {
        "co2": 573.23,
        "temperature": 25.38,
        "humidity": 73.82
      },
      "bme280": {
        "temperature": 25.77,
        "humidity": 75.46,
        "pressure": 1012.17
      },
      "mq135": {
        "analog_value": 100.23,
        "digital_value": 0
      }
    },
    "system_info": {
      "battery_level": 85,
      "sampling_interval": 3600
    }
  }
}