{
  "sensor_data": {
    "metadata": {
      "device_id": "UPS-SENSOR-004",
      "location": "Cafetería Principal",
      "timestamp": "2025-12-03T23:00:35",
      "latitude": -2.1705,
      "longitude": -79.9223
    },
    "readings": {
      "scd30": {
        "co2": 1120.33,
        "temperature": 31.14,
        "humidity": 61.26
      },
      "bme280": {
        "temperature": 30.99,
        "humidity": 62.05,
        "pressure": 1010.84
      },
      "mq135": {
        "analog_value": 225.73,
        "digital_value": 1
      }
    },
    "system_info": {
      "battery_level": 89,
      "sampling_interval": 3600
    }
  }
}