{
  "sensor_data": {
    "metadata": {
      "device_id": "UPS-SENSOR-001",
      "location": "Auditorio Central",
      "timestamp": "2025-12-10T07:45:12",
      "latitude": -2.1703,
      "longitude": -79.9227
    },
    "readings": {
      "scd30": {
        "co2": 738.61,
        "temperature": 26.7,
        "humidity": 68.53
      },
      "bme280": {
        "temperature": 26.85,
        "humidity": 66.69,
        "pressure": 1013.21
      },
      "mq135": {
        "analog_value": 147.37,
        "digital_value": 0
      }
    },
    "system_info": {
      "battery_level": 94,
      "sampling_interval": 3600
    }
  }
}