{
  "sensor_data": {
    "metadata": {
      "device_id": "UPS-SENSOR-003",
      "location": "Edificio de Ingeniería - Piso 3",
      "timestamp": "2025-12-05T07:00:14",
      "latitude": -2.1712,
      "longitude": -79.9221
    },
    "readings": {
      "scd30": {
        "co2": 1387.4,
        "temperature": 27.38,
        "humidity": 73.53
      },
      "bme280": {
        "temperature": 27.65,
        "humidity": 74.18,
        "pressure": 1010.78
      },
      "mq135": {
        "analog_value": 276.19,
        "digital_value": 1
      }
    },
    "system_info": {
      "battery_level": 91,
      "sampling_interval": 3600
    }
  }
}