{
  "sensor_data": {
    "metadata": {
      "device_id": "UPS-SENSOR-001",
      "location": "Edificio de Ingeniería - Piso 3",
      "timestamp": "2025-12-07T03:00:52",
      "latitude": -2.1712,
      "longitude": -79.9221
    },
    "readings": {
      "scd30": {
        "co2": 496.52,
        "temperature": 25.08,
        "humidity": 55.06
      },
      "bme280": {
        "temperature": 25.34,
        "humidity": 53.42,
        "pressure": 1010.89
      },
      "mq135": {
        "analog_value": 123.38,
        "digital_value": 0
      }
    },
    "system_info": {
      "battery_level": 90,
      "sampling_interval": 3600
    }
  }
}