{
  "sensor_data": {
    "metadata": {
      "device_id": "UPS-SENSOR-005",
      "location": "Cafetería Principal",
      "timestamp": "2025-12-03T10:30:04",
      "latitude": -2.1705,
      "longitude": -79.9223
    },
    "readings": {
      "scd30": {
        "co2": 1091.13,
        "temperature": 27.61,
        "humidity": 87.14
      },
      "bme280": {
        "temperature": 27.51,
        "humidity": 85.54,
        "pressure": 1011.65
      },
      "mq135": {
        "analog_value": 173.79,
        "digital_value": 1
      }
    },
    "system_info": {
      "battery_level": 90,
      "sampling_interval": 3600
    }
  }
}