{
  "sensor_data": {
    "metadata": {
      "device_id": "UPS-SENSOR-002",
      "location": "Biblioteca Central",
      "timestamp": "2025-12-03T23:00:28",
      "latitude": -2.1708,
      "longitude": -79.9225
    },
    "readings": {
      "scd30": {
        "co2": 630.3,
        "temperature": 30.12,
        "humidity": 60.78
      },
      "bme280": {
        "temperature": 29.76,
        "humidity": 61.89,
        "pressure": 1011.0
      },
      "mq135": {
        "analog_value": 156.59,
        "digital_value": 0
      }
    },
    "system_info": {
      "battery_level": 95,
      "sampling_interval": 3600
    }
  }
}