{
  "sensor_data": {
    "metadata": {
      "device_id": "UPS-SENSOR-002",
      "location": "Cafetería Principal",
      "timestamp": "2025-12-05T01:15:45",
      "latitude": -2.1705,
      "longitude": -79.9223
    },
    "readings": {
      "scd30": {
        "co2": 967.76,
        "temperature": 25.59,
        "humidity": 66.63
      },
      "bme280": {
        "temperature": 25.38,
        "humidity": 68.03,
        "pressure": 1010.44
      },
      "mq135": {
        "analog_value": 156.84,
        "digital_value": 0
      }
    },
    "system_info": {
      "battery_level": 92,
      "sampling_interval": 3600
    }
  }
}