{
  "sensor_data": {
    "metadata": {
      "device_id": "UPS-SENSOR-005",
      "location": "Biblioteca Central",
      "timestamp": "2025-12-01T09:15:34",
      "latitude": -2.1708,
      "longitude": -79.9225
    },
    "readings": {
      "scd30": {
        "co2": 873.99,
        "temperature": 27.09,
        "humidity": 81.97
      },
      "bme280": {
        "temperature": 27.4,
        "humidity": 82.8,
        "pressure": 1011.77
      },
      "mq135": {
        "analog_value": 194.32,
        "digital_value": 0
      }
    },
    "system_info": {
      "battery_level": 90,
      "sampling_interval": 3600
    }
  }
}