{
  "sensor_data": {
    "metadata": {
      "device_id": "UPS-SENSOR-003",
      "location": "Área Deportiva",
      "timestamp": "2025-12-06T22:00:48",
      "latitude": -2.172,
      "longitude": -79.922
    },
    "readings": {
      "scd30": {
        "co2": 472.13,
        "temperature": 29.6,
        "humidity": 62.44
      },
      "bme280": {
        "temperature": 29.24,
        "humidity": 61.99,
        "pressure": 1012.61
      },
      "mq135": {
        "analog_value": 107.89,
        "digital_value": 0
      }
    },
    "system_info": {
      "battery_level": 92,
      "sampling_interval": 3600
    }
  }
}