{
  "sensor_data": {
    "metadata": {
      "device_id": "UPS-SENSOR-004",
      "location": "Laboratorio de Ciencias",
      "timestamp": "2025-12-10T18:15:08",
      "latitude": -2.171,
      "longitude": -79.9218
    },
    "readings": {
      "scd30": {
        "co2": 1255.54,
        "temperature": 30.11,
        "humidity": 71.08
      },
      "bme280": {
        "temperature": 29.98,
        "humidity": 69.59,
        "pressure": 1013.05
      },
      "mq135": {
        "analog_value": 202.72,
        "digital_value": 1
      }
    },
    "system_info": {
      "battery_level": 87,
      "sampling_interval": 3600
    }
  }
}