{
  "sensor_data": {
    "metadata": {
      "device_id": "UPS-SENSOR-004",
      "location": "Biblioteca Central",
      "timestamp": "2025-12-05T21:15:49",
      "latitude": -2.1708,
      "longitude": -79.9225
    },
    "readings": {
      "scd30": {
        "co2": 1294.17,
        "temperature": 30.39,
        "humidity": 58.14
      },
      "bme280": {
        "temperature": 30.17,
        "humidity": 57.27,
        "pressure": 1014.21
      },
      "mq135": {
        "analog_value": 257.98,
        "digital_value": 1
      }
    },
    "system_info": {
      "battery_level": 95,
      "sampling_interval": 3600
    }
  }
}