{
  "sensor_data": {
    "metadata": {
      "device_id": "UPS-SENSOR-005",
      "location": "Área Deportiva",
      "timestamp": "2025-12-02T18:45:40",
      "latitude": -2.172,
      "longitude": -79.922
    },
    "readings": {
      "scd30": {
        "co2": 624.49,
        "temperature": 28.85,
        "humidity": 71.37
      },
      "bme280": {
        "temperature": 29.09,
        "humidity": 71.74,
        "pressure": 1011.35
      },
      "mq135": {
        "analog_value": 122.66,
        "digital_value": 0
      }
    },
    "system_info": {
      "battery_level": 92,
      "sampling_interval": 3600
    }
  }
}