{
  "sensor_data": {
    "metadata": {
      "device_id": "UPS-SENSOR-004",
      "location": "Auditorio Central",
      "timestamp": "2025-12-10T11:45:17",
      "latitude": -2.1703,
      "longitude": -79.9227
    },
    "readings": {
      "scd30": {
        "co2": 2100.19,
        "temperature": 30.85,
        "humidity": 84.52
      },
      "bme280": {
        "temperature": 30.58,
        "humidity": 85.19,
        "pressure": 1012.99
      },
      "mq135": {
        "analog_value": 488.69,
        "digital_value": 1
      }
    },
    "system_info": {
      "battery_level": 90,
      "sampling_interval": 3600
    }
  }
}