{
  "sensor_data": {
    "metadata": {
      "device_id": "UPS-SENSOR-003",
      "location": "Auditorio Central",
      "timestamp": "2025-12-07T22:45:18",
      "latitude": -2.1703,
      "longitude": -79.9227
    },
    "readings": {
      "scd30": {
        "co2": 493.44,
        "temperature": 29.64,
        "humidity": 57.93
      },
      "bme280": {
        "temperature": 29.67,
        "humidity": 57.18,
        "pressure": 1014.06
      },
      "mq135": {
        "analog_value": 94.26,
        "digital_value": 0
      }
    },
    "system_info": {
      "battery_level": 88,
      "sampling_interval": 3600
    }
  }
}