{
  "sensor_data": {
    "metadata": {
      "device_id": "UPS-SENSOR-001",
      "location": "Biblioteca Central",
      "timestamp": "2025-12-01T19:00:48",
      "latitude": -2.1708,
      "longitude": -79.9225
    },
    "readings": {
      "scd30": {
        "co2": 1054.02,
        "temperature": 33.98,
        "humidity": 60.82
      },
      "bme280": {
        "temperature": 34.0,
        "humidity": 60.24,
        "pressure": 1012.43
      },
      "mq135": {
        "analog_value": 97.14,
        "digital_value": 1
      }
    },
    "system_info": {
      "battery_level": 95,
      "sampling_interval": 3600
    }
  }
}