{
  "sensor_data": {
    "metadata": {
      "device_id": "UPS-SENSOR-003",
      "location": "Auditorio Central",
      "timestamp": "2025-12-06T03:30:35",
      "latitude": -2.1703,
      "longitude": -79.9227
    },
    "readings": {
      "scd30": {
        "co2": 356.39,
        "temperature": 24.67,
        "humidity": 57.92
      },
      "bme280": {
        "temperature": 24.32,
        "humidity": 59.45,
        "pressure": 1012.97
      },
      "mq135": {
        "analog_value": 67.53,
        "digital_value": 0
      }
    },
    "system_info": {
      "battery_level": 91,
      "sampling_interval": 3600
    }
  }
}