{
  "sensor_data": {
    "metadata": {
      "device_id": "UPS-SENSOR-002",
      "location": "Biblioteca Central",
      "timestamp": "2025-12-09T11:45:36",
      "latitude": -2.1708,
      "longitude": -79.9225
    },
    "readings": {
      "scd30": {
        "co2": 835.68,
        "temperature": 27.85,
        "humidity": 70.71
      },
      "bme280": {
        "temperature": 27.63,
        "humidity": 72.17,
        "pressure": 1013.7
      },
      "mq135": {
        "analog_value": 126.6,
        "digital_value": 0
      }
    },
    "system_info": {
      "battery_level": 93,
      "sampling_interval": 3600
    }
  }
}