{
  "sensor_data": {
    "metadata": {
      "device_id": "UPS-SENSOR-005",
      "location": "Edificio de Ingeniería - Piso 3",
      "timestamp": "2025-12-04T17:00:43",
      "latitude": -2.1712,
      "longitude": -79.9221
    },
    "readings": {
      "scd30": {
        "co2": 2015.81,
        "temperature": 35.71,
        "humidity": 69.22
      },
      "bme280": {
        "temperature": 35.7,
        "humidity": 69.76,
        "pressure": 1014.51
      },
      "mq135": {
        "analog_value": 243.59,
        "digital_value": 1
      }
    },
    "system_info": {
      "battery_level": 95,
      "sampling_interval": 3600
    }
  }
}