{
  "sensor_data": {
    "metadata": {
      "device_id": "UPS-SENSOR-003",
      "location": "Área Deportiva",
      "timestamp": "2025-12-03T10:30:19",
      "latitude": -2.172,
      "longitude": -79.922
    },
    "readings": {
      "scd30": {
        "co2": 1288.1,
        "temperature": 27.72,
        "humidity": 75.86
      },
      "bme280": {
        "temperature": 27.98,
        "humidity": 77.71,
        "pressure": 1013.48
      },
      "mq135": {
        "analog_value": 321.78,
        "digital_value": 1
      }
    },
    "system_info": {
      "battery_level": 93,
      "sampling_interval": 3600
    }
  }
}