{
  "sensor_data": {
    "metadata": {
      "device_id": "UPS-SENSOR-001",
      "location": "Laboratorio de Ciencias",
      "timestamp": "2025-12-09T00:30:46",
      "latitude": -2.171,
      "longitude": -79.9218
    },
    "readings": {
      "scd30": {
        "co2": 434.28,
        "temperature": 24.11,
        "humidity": 61.99
      },
      "bme280": {
        "temperature": 24.38,
        "humidity": 63.04,
        "pressure": 1014.51
      },
      "mq135": {
        "analog_value": 99.42,
        "digital_value": 0
      }
    },
    "system_info": {
      "battery_level": 90,
      "sampling_interval": 3600
    }
  }
}