{
  "sensor_data": {
    "metadata": {
      "device_id": "UPS-SENSOR-005",
      "location": "Auditorio Central",
      "timestamp": "2025-12-03T18:00:04",
      "latitude": -2.1703,
      "longitude": -79.9227
    },
    "readings": {
      "scd30": {
        "co2": 1257.15,
        "temperature": 33.27,
        "humidity": 67.8
      },
      "bme280": {
        "temperature": 33.34,
        "humidity": 67.55,
        "pressure": 1013.53
      },
      "mq135": {
        "analog_value": 128.52,
        "digital_value": 1
      }
    },
    "system_info": {
      "battery_level": 95,
      "sampling_interval": 3600
    }
  }
}