{
  "sensor_data": {
    "metadata": {
      "device_id": "UPS-SENSOR-004",
      "location": "Estacionamiento Norte",
      "timestamp": "2025-12-05T10:00:55",
      "latitude": -2.1715,
      "longitude": -79.9215
    },
    "readings": {
      "scd30": {
        "co2": 558.25,
        "temperature": 26.79,
        "humidity": 73.73
      },
      "bme280": {
        "temperature": 27.28,
        "humidity": 73.87,
        "pressure": 1013.86
      },
      "mq135": {
        "analog_value": 105.47,
        "digital_value": 0
      }
    },
    "system_info": {
      "battery_level": 95,
      "sampling_interval": 3600
    }
  }
}