{
  "sensor_data": {
    "metadata": {
      "device_id": "UPS-SENSOR-001",
      "location": "Auditorio Central",
      "timestamp": "2025-12-04T18:15:25",
      "latitude": -2.1703,
      "longitude": -79.9227
    },
    "readings": {
      "scd30": {
        "co2": 750.47,
        "temperature": 29.64,
        "humidity": 70.57
      },
      "bme280": {
        "temperature": 29.28,
        "humidity": 70.61,
        "pressure": 1014.0
      },
      "mq135": {
        "analog_value": 113.11,
        "digital_value": 0
      }
    },
    "system_info": {
      "battery_level": 95,
      "sampling_interval": 3600
    }
  }
}