{
  "sensor_data": {
    "metadata": {
      "device_id": "UPS-SENSOR-004",
      "location": "Estacionamiento Norte",
      "timestamp": "2025-12-03T13:30:36",
      "latitude": -2.1715,
      "longitude": -79.9215
    },
    "readings": {
      "scd30": {
        "co2": 1815.43,
        "temperature": 27.3,
        "humidity": 83.16
      },
      "bme280": {
        "temperature": 27.52,
        "humidity": 84.57,
        "pressure": 1013.57
      },
      "mq135": {
        "analog_value": 213.18,
        "digital_value": 1
      }
    },
    "system_info": {
      "battery_level": 97,
      "sampling_interval": 3600
    }
  }
}