{
  "sensor_data": {
    "metadata": {
      "device_id": "UPS-SENSOR-005",
      "location": "Campus Centenario - UPS Guayaquil",
      "timestamp": "2025-12-09T09:45:19",
      "latitude": -2.170998,
      "longitude": -79.922356
    },
    "readings": {
      "scd30": {
        "co2": 956.12,
        "temperature": 20.62,
        "humidity": 94.23
      },
      "bme280": {
        "temperature": 20.71,
        "humidity": 94.02,
        "pressure": 1016.47
      },
      "mq135": {
        "analog_value": 81.52,
        "digital_value": 0
      }
    },
    "system_info": {
      "battery_level": 95,
      "sampling_interval": 3600
    }
  }
}