{
  "sensor_data": {
    "metadata": {
      "device_id": "UPS-SENSOR-002",
      "location": "Edificio de Ingeniería - Piso 3",
      "timestamp": "2025-12-11T04:15:32",
      "latitude": -2.1712,
      "longitude": -79.9221
    },
    "readings": {
      "scd30": {
        "co2": 861.52,
        "temperature": 26.12,
        "humidity": 68.7
      },
      "bme280": {
        "temperature": 26.11,
        "humidity": 70.1,
        "pressure": 1010.17
      },
      "mq135": {
        "analog_value": 206.52,
        "digital_value": 0
      }
    },
    "system_info": {
      "battery_level": 86,
      "sampling_interval": 3600
    }
  }
}