{
  "sensor_data": {
    "metadata": {
      "device_id": "UPS-SENSOR-003",
      "location": "Campus Centenario - UPS Guayaquil",
      "timestamp": "2025-12-05T05:00:32",
      "latitude": -2.170998,
      "longitude": -79.922356
    },
    "readings": {
      "scd30": {
        "co2": 737.31,
        "temperature": 26.07,
        "humidity": 72.15
      },
      "bme280": {
        "temperature": 25.92,
        "humidity": 71.85,
        "pressure": 1011.92
      },
      "mq135": {
        "analog_value": 113.53,
        "digital_value": 0
      }
    },
    "system_info": {
      "battery_level": 90,
      "sampling_interval": 3600
    }
  }
}